datasetPID,dataverseName,dataverseUrl,datasetPIDUrl,numberOfVersions,numberOfMajorVersions,publicationDate,latestReleaseDate,ageOfDataset(Days),ageOfLastUpdate(Days),descriptionLenth,termsExist,license,termsOfUseExists,termsOfAccessExists,relPubCount,relPubPIDCount,usedMetadataBlocks,numberOfFiles,noFileDescriptionCount,fileTagsExist,uniqueContentTypes,ingestedTabFilesCount,uningestedTabFilesCount,restrictedFilesCount
doi:10.7910/DVN/JWHVOC,MIT Libraries Dataverse,https://dataverse.harvard.edu/dataverse/mit,https://doi.org/10.7910/DVN/JWHVOC,1,1,2020-05-08 18:19:41+00:00,2020-05-08 18:19:41+00:00,173,173,250,True,NONE,True,True,0,0,citation,1,1,False,application/zip,0,0,1
doi:10.7910/DVN/EAJMTI,MIT Libraries Dataverse,https://dataverse.harvard.edu/dataverse/mit,https://doi.org/10.7910/DVN/EAJMTI,3,2,2020-09-16 23:52:31+00:00,2020-09-18 13:47:56+00:00,42,40,1055,True,NONE,True,True,0,0,citation,848,848,False,"text/csv,text/plain",0,135,848
doi:10.7910/DVN/WVPFLU,MIT Libraries Dataverse,https://dataverse.harvard.edu/dataverse/mit,https://doi.org/10.7910/DVN/WVPFLU,2,1,2020-09-16 21:40:23+00:00,2020-09-16 21:58:14+00:00,42,42,343,True,NONE,True,True,0,0,citation,25,25,False,application/octet-stream,0,0,25
doi:10.7910/DVN/4YHTPU,MIT Libraries Dataverse,https://dataverse.harvard.edu/dataverse/mit,https://doi.org/10.7910/DVN/4YHTPU,13,8,2013-05-13 00:00:00+00:00,2020-09-15 20:44:59+00:00,2726,43,1432,True,NONE,True,True,0,0,"citation,geospatial,socialscience",28,0,True,"application/msword,application/pdf,application/vnd.ms-excel,text/plain; charset=US-ASCII,text/tab-separated-values",9,0,23
doi:10.7910/DVN/K8BSDU,MIT Libraries Dataverse,https://dataverse.harvard.edu/dataverse/mit,https://doi.org/10.7910/DVN/K8BSDU,4,2,2016-03-29 14:27:42+00:00,2017-09-19 14:56:41+00:00,1674,1135,670,True,NONE,True,True,0,0,"citation,geospatial,socialscience",13,0,True,"application/zip,text/plain",0,0,13
doi:10.7910/DVN/FWUSJT,MIT Libraries Dataverse,https://dataverse.harvard.edu/dataverse/mit,https://doi.org/10.7910/DVN/FWUSJT,5,1,2017-10-27 16:49:09+00:00,2020-07-14 23:02:56+00:00,1097,106,27,True,NONE,True,True,0,0,citation,10,1,False,text/plain,0,0,10
doi:10.7910/DVN/WVXD5D,MIT Libraries Dataverse,https://dataverse.harvard.edu/dataverse/mit,https://doi.org/10.7910/DVN/WVXD5D,2,1,2018-01-09 21:51:01+00:00,2020-07-14 19:23:33+00:00,1023,106,27,True,NONE,True,True,0,0,citation,8,0,False,text/plain,0,0,8
doi:10.7910/DVN/V2DQAR,MIT Libraries Dataverse,https://dataverse.harvard.edu/dataverse/mit,https://doi.org/10.7910/DVN/V2DQAR,3,2,2018-01-09 23:04:06+00:00,2020-07-14 18:01:45+00:00,1023,106,27,True,NONE,True,True,0,0,citation,3,0,False,application/zip,0,0,3
doi:10.7910/DVN/XO8KUF,MIT Libraries Dataverse,https://dataverse.harvard.edu/dataverse/mit,https://doi.org/10.7910/DVN/XO8KUF,5,2,2018-04-11 23:40:19+00:00,2020-07-14 17:55:43+00:00,931,106,27,True,NONE,True,True,0,0,citation,2,0,False,application/zip,0,0,2
doi:10.7910/DVN/IEDQEW,MIT Libraries Dataverse,https://dataverse.harvard.edu/dataverse/mit,https://doi.org/10.7910/DVN/IEDQEW,3,1,2017-10-26 19:25:39+00:00,2020-07-14 17:49:58+00:00,1098,106,27,True,NONE,True,True,0,0,citation,8,0,False,text/plain,0,0,8
doi:10.7910/DVN/KQCGXP,MIT Libraries Dataverse,https://dataverse.harvard.edu/dataverse/mit,https://doi.org/10.7910/DVN/KQCGXP,7,2,2018-01-09 21:03:32+00:00,2020-07-14 17:41:52+00:00,1023,106,1700,True,NONE,True,True,0,0,citation,70,70,False,"application/gzip,application/octet-stream,application/pdf,application/vnd.ms-excel,application/x-sql,text/plain,text/plain; charset=US-ASCII,text/tab-separated-values",3,0,70
doi:10.7910/DVN/SXRMGM,MIT Libraries Dataverse,https://dataverse.harvard.edu/dataverse/mit,https://doi.org/10.7910/DVN/SXRMGM,1,1,2020-05-08 18:33:33+00:00,2020-05-08 18:33:33+00:00,173,173,81,True,NONE,True,True,0,0,citation,1,1,False,application/zip,0,0,1
doi:10.7910/DVN/KFKUCT,MIT Libraries Dataverse,https://dataverse.harvard.edu/dataverse/mit,https://doi.org/10.7910/DVN/KFKUCT,1,1,2020-05-08 17:57:26+00:00,2020-05-08 17:57:26+00:00,173,173,68,True,NONE,True,True,0,0,citation,1,1,False,application/zip,0,0,1
doi:10.7910/DVN/1ZAK6Z,MIT Libraries Dataverse,https://dataverse.harvard.edu/dataverse/mit,https://doi.org/10.7910/DVN/1ZAK6Z,1,1,2020-05-08 17:19:38+00:00,2020-05-08 17:19:38+00:00,173,173,68,True,NONE,True,True,0,0,citation,1,1,False,application/zip,0,0,1
doi:10.7910/DVN/MTPD7M,MIT Libraries Dataverse,https://dataverse.harvard.edu/dataverse/mit,https://doi.org/10.7910/DVN/MTPD7M,3,3,2019-04-23 19:24:33+00:00,2020-09-20 02:56:51+00:00,554,39,140,True,NONE,True,True,0,0,citation,7,7,False,"application/vnd.openxmlformats-officedocument.spreadsheetml.sheet,text/csv,text/tab-separated-values",1,6,7
doi:10.7910/DVN/AGJ2ZP,MIT Libraries Dataverse,https://dataverse.harvard.edu/dataverse/mit,https://doi.org/10.7910/DVN/AGJ2ZP,3,3,2018-11-08 22:52:17+00:00,2019-04-16 15:45:48+00:00,720,561,306,False,NONE,False,True,0,0,citation,33,28,False,"application/pdf,application/vnd.ms-excel,application/vnd.openxmlformats-officedocument.spreadsheetml.sheet",0,1,33
doi:10.7910/DVN/7ZLCQY,MIT Libraries Dataverse,https://dataverse.harvard.edu/dataverse/mit,https://doi.org/10.7910/DVN/7ZLCQY,1,1,2018-05-22 19:44:31+00:00,2018-05-22 19:44:31+00:00,890,890,65,True,NONE,True,True,0,0,citation,4,2,False,"application/pdf,application/vnd.ms-excel.sheet.macroEnabled.12,application/vnd.openxmlformats-officedocument.wordprocessingml.document",0,0,4
doi:10.7910/DVN/TZBXW1,MIT Libraries Dataverse,https://dataverse.harvard.edu/dataverse/mit,https://doi.org/10.7910/DVN/TZBXW1,1,1,2018-07-26 16:14:31+00:00,2018-07-26 16:14:31+00:00,825,825,75,True,NONE,True,True,0,0,citation,2,2,False,application/zip,0,0,2
doi:10.7910/DVN/VCPBOS,MIT Libraries Dataverse,https://dataverse.harvard.edu/dataverse/mit,https://doi.org/10.7910/DVN/VCPBOS,4,3,2018-04-12 21:56:06+00:00,2018-07-26 16:59:07+00:00,930,825,28,True,NONE,True,True,0,0,citation,3,1,False,application/zip,0,0,3
doi:10.7910/DVN/928QMU,MIT Libraries Dataverse,https://dataverse.harvard.edu/dataverse/mit,https://doi.org/10.7910/DVN/928QMU,2,2,2019-02-28 19:43:46+00:00,2019-08-06 17:53:33+00:00,608,449,174,True,NONE,True,True,0,0,citation,0,0,False,NA,0,0,0
doi:10.7910/DVN/QUTTUQ,MIT Libraries Dataverse,https://dataverse.harvard.edu/dataverse/mit,https://doi.org/10.7910/DVN/QUTTUQ,3,1,2017-10-16 20:21:50+00:00,2020-05-08 18:36:51+00:00,1108,173,430,True,CC0,True,False,0,0,citation,0,0,False,NA,0,0,0
doi:10.7910/DVN/8SRSYK,MIT Libraries Dataverse,https://dataverse.harvard.edu/dataverse/mit,https://doi.org/10.7910/DVN/8SRSYK,4,1,2015-11-09 15:50:57+00:00,2017-09-19 15:25:44+00:00,1815,1135,139,True,NONE,True,True,0,0,citation,62,0,True,"application/zip,text/plain",0,0,61
doi:10.7910/DVN/BN5JNU,MIT Libraries Dataverse,https://dataverse.harvard.edu/dataverse/mit,https://doi.org/10.7910/DVN/BN5JNU,4,1,2013-03-12 00:00:00+00:00,2017-11-01 19:42:09+00:00,2788,1092,321,True,NONE,True,True,0,0,"citation,geospatial,socialscience",8,0,True,"application/msword,application/octet-stream,application/pdf,application/vnd.ms-excel,text/plain; charset=US-ASCII,text/tab-separated-values",2,0,4
doi:10.7910/DVN/WRFRZZ,MIT Libraries Dataverse,https://dataverse.harvard.edu/dataverse/mit,https://doi.org/10.7910/DVN/WRFRZZ,4,1,2013-01-08 00:00:00+00:00,2017-11-01 19:51:53+00:00,2851,1092,323,True,NONE,True,True,0,0,"citation,geospatial,socialscience",6,0,True,"application/msword,application/octet-stream,application/pdf,text/plain; charset=US-ASCII,text/tab-separated-values",1,0,2
doi:10.7910/DVN/TH4ADJ,MIT Libraries Dataverse,https://dataverse.harvard.edu/dataverse/mit,https://doi.org/10.7910/DVN/TH4ADJ,6,2,2013-10-04 00:00:00+00:00,2017-09-19 14:51:26+00:00,2582,1135,954,True,NONE,True,True,0,0,"citation,geospatial",12,0,True,"application/msword,application/pdf,application/vnd.ms-excel,application/vnd.openxmlformats-officedocument.spreadsheetml.sheet,text/csv,text/plain; charset=US-ASCII",0,4,12
doi:10.7910/DVN/AY2QZM,MIT Libraries Dataverse,https://dataverse.harvard.edu/dataverse/mit,https://doi.org/10.7910/DVN/AY2QZM,4,1,2013-07-05 00:00:00+00:00,2017-09-19 15:46:33+00:00,2673,1135,557,True,NONE,True,True,0,0,"citation,geospatial,socialscience",15,0,True,"application/msword,application/pdf,application/vnd.ms-excel,text/plain; charset=US-ASCII",0,0,1
doi:10.7910/DVN/573BWW,MIT Libraries Dataverse,https://dataverse.harvard.edu/dataverse/mit,https://doi.org/10.7910/DVN/573BWW,5,1,2007-11-28 00:00:00+00:00,2018-11-26 20:53:47+00:00,4719,702,1111,True,CC0,True,False,0,0,"citation,geospatial,socialscience",10,0,True,"application/msword,text/plain; charset=US-ASCII",0,0,0
doi:10.7910/DVN/4LLA6N,MIT Libraries Dataverse,https://dataverse.harvard.edu/dataverse/mit,https://doi.org/10.7910/DVN/4LLA6N,4,1,2013-03-25 00:00:00+00:00,2017-11-01 19:29:07+00:00,2775,1092,321,True,NONE,True,True,0,0,"citation,geospatial,socialscience",6,0,True,"application/dbf,application/msword,application/pdf,application/vnd.ms-excel,text/plain; charset=US-ASCII,text/tab-separated-values",1,0,2
doi:10.7910/DVN/DSVIGU,MIT Libraries Dataverse,https://dataverse.harvard.edu/dataverse/mit,https://doi.org/10.7910/DVN/DSVIGU,3,2,2018-04-11 23:11:12+00:00,2018-07-27 20:24:32+00:00,931,824,27,True,NONE,True,True,0,0,citation,2,0,False,application/zip,0,0,2
doi:10.7910/DVN/3CJ4RG,MIT Libraries Dataverse,https://dataverse.harvard.edu/dataverse/mit,https://doi.org/10.7910/DVN/3CJ4RG,2,1,2017-10-31 22:00:26+00:00,2017-11-01 18:34:18+00:00,1093,1092,28,True,NONE,True,True,0,0,citation,15,0,False,text/plain,0,0,15
doi:10.7910/DVN/GUPGRS,MIT Libraries Dataverse,https://dataverse.harvard.edu/dataverse/mit,https://doi.org/10.7910/DVN/GUPGRS,2,1,2017-10-03 21:46:30+00:00,2017-11-01 18:46:41+00:00,1121,1092,52,True,NONE,True,True,0,0,citation,11,0,False,"application/pdf,application/vnd.ms-excel,text/tab-separated-values",8,0,11
doi:10.7910/DVN/KBCAVO,MIT Libraries Dataverse,https://dataverse.harvard.edu/dataverse/mit,https://doi.org/10.7910/DVN/KBCAVO,4,1,2016-10-11 19:36:29+00:00,2017-09-19 14:35:08+00:00,1478,1135,75,True,NONE,True,True,0,0,citation,39,39,True,application/pdf,0,0,39
doi:10.7910/DVN/V9ZB6H,MIT Libraries Dataverse,https://dataverse.harvard.edu/dataverse/mit,https://doi.org/10.7910/DVN/V9ZB6H,4,1,2016-07-20 16:02:07+00:00,2017-09-19 14:44:22+00:00,1561,1135,1030,True,NONE,True,True,0,0,citation,1,1,True,application/zip,0,0,1
doi:10.7910/DVN/X3YQTJ,MIT Libraries Dataverse,https://dataverse.harvard.edu/dataverse/mit,https://doi.org/10.7910/DVN/X3YQTJ,4,1,2017-06-29 16:17:20+00:00,2017-09-19 14:22:33+00:00,1217,1135,208,True,NONE,True,True,0,0,citation,14,14,False,"application/pdf,text/tab-separated-values",6,0,14
doi:10.7910/DVN/QBUWQD,MIT Libraries Dataverse,https://dataverse.harvard.edu/dataverse/mit,https://doi.org/10.7910/DVN/QBUWQD,1,1,2017-08-02 16:24:42+00:00,2017-08-02 16:24:42+00:00,1183,1183,1166,True,CC0,True,False,0,0,citation,0,0,False,NA,0,0,0
doi:10.7910/DVN/HKEM3I,MIT Libraries Dataverse,https://dataverse.harvard.edu/dataverse/mit,https://doi.org/10.7910/DVN/HKEM3I,3,1,2017-10-16 20:40:07+00:00,2020-05-08 18:35:21+00:00,1108,173,336,True,CC0,True,False,0,0,citation,0,0,False,NA,0,0,0
doi:10.7910/DVN/FMOVYL,MIT Libraries Dataverse,https://dataverse.harvard.edu/dataverse/mit,https://doi.org/10.7910/DVN/FMOVYL,2,1,2017-10-31 19:15:48+00:00,2017-11-01 18:37:46+00:00,1093,1092,27,True,NONE,True,True,0,0,citation,8,0,False,text/plain,0,0,8
doi:10.7910/DVN/7CZMLV,MIT Libraries Dataverse,https://dataverse.harvard.edu/dataverse/mit,https://doi.org/10.7910/DVN/7CZMLV,2,1,2019-06-04 17:32:49+00:00,2019-06-04 17:36:56+00:00,512,512,83,False,NONE,False,True,0,0,citation,44,44,False,"application/octet-stream,application/pdf,application/vnd.ms-powerpoint,video/x-msvideo",0,0,44
doi:10.7910/DVN/HWLDRD,MIT Libraries Dataverse,https://dataverse.harvard.edu/dataverse/mit,https://doi.org/10.7910/DVN/HWLDRD,1,1,2018-03-26 15:11:18+00:00,2018-03-26 15:11:18+00:00,947,947,22,True,NONE,True,True,0,0,citation,24,1,False,"application/x-7z-compressed,application/zip",0,0,24
doi:10.7910/DVN/RXFC3D,MIT Libraries Dataverse,https://dataverse.harvard.edu/dataverse/mit,https://doi.org/10.7910/DVN/RXFC3D,6,1,2007-11-28 00:00:00+00:00,2018-03-26 16:02:40+00:00,4719,947,594,True,NONE,True,True,0,0,"citation,geospatial,socialscience",16,0,True,"application/msword,application/pdf,application/zip,text/plain; charset=US-ASCII",0,0,5
doi:10.7910/DVN/ZXEHMM,MIT Libraries Dataverse,https://dataverse.harvard.edu/dataverse/mit,https://doi.org/10.7910/DVN/ZXEHMM,4,1,2007-11-28 00:00:00+00:00,2018-10-31 17:10:04+00:00,4719,728,844,True,NONE,True,True,0,0,"citation,geospatial,socialscience",4,0,True,"application/msword,application/pdf,text/plain; charset=US-ASCII,text/tab-separated-values",1,0,2
doi:10.7910/DVN/VY72KO,MIT Libraries Dataverse,https://dataverse.harvard.edu/dataverse/mit,https://doi.org/10.7910/DVN/VY72KO,4,1,2013-03-25 00:00:00+00:00,2017-11-01 19:36:18+00:00,2775,1092,321,True,NONE,True,True,0,0,"citation,geospatial,socialscience",5,0,True,"application/dbf,application/pdf,application/vnd.ms-excel,text/plain; charset=US-ASCII,text/tab-separated-values",1,0,2
doi:10.7910/DVN/ZCPMU6,MIT Libraries Dataverse,https://dataverse.harvard.edu/dataverse/mit,https://doi.org/10.7910/DVN/ZCPMU6,1,1,2019-03-28 11:08:05+00:00,2019-03-28 11:08:05+00:00,580,580,362,True,NONE,True,True,0,0,citation,2143,2109,False,"application/octet-stream,application/pdf,text/csv,text/plain,text/plain; charset=US-ASCII,text/tab-separated-values",1,2123,2143
doi:10.7910/DVN/IEJ2UX,MIT Libraries Dataverse,https://dataverse.harvard.edu/dataverse/mit,https://doi.org/10.7910/DVN/IEJ2UX,3,1,2018-04-17 00:35:08+00:00,2018-10-22 17:40:43+00:00,926,737,520,True,NONE,True,True,0,0,citation,9,3,False,"application/pdf,application/x-gzip,application/x-xz,text/html,text/plain",0,0,9
doi:10.7910/DVN/W208TJ,MIT Libraries Dataverse,https://dataverse.harvard.edu/dataverse/mit,https://doi.org/10.7910/DVN/W208TJ,5,3,2017-10-26 20:40:54+00:00,2020-07-14 19:20:36+00:00,1098,106,27,True,NONE,True,True,0,0,citation,2,0,False,application/zip,0,0,2
doi:10.7910/DVN/SVUBZA,MIT Libraries Dataverse,https://dataverse.harvard.edu/dataverse/mit,https://doi.org/10.7910/DVN/SVUBZA,2,1,2017-10-03 16:37:47+00:00,2017-11-01 18:52:14+00:00,1121,1092,65,True,NONE,True,True,0,0,citation,5,0,False,"application/pdf,text/plain,text/tab-separated-values",2,0,5
doi:10.7910/DVN/HZGEFS,MIT Libraries Dataverse,https://dataverse.harvard.edu/dataverse/mit,https://doi.org/10.7910/DVN/HZGEFS,2,1,2017-10-03 16:45:40+00:00,2017-11-01 18:49:24+00:00,1121,1092,66,True,NONE,True,True,0,0,citation,4,1,False,"application/pdf,application/vnd.ms-excel,text/plain,text/tab-separated-values",1,0,4
doi:10.7910/DVN/XMHUNT,MIT Libraries Dataverse,https://dataverse.harvard.edu/dataverse/mit,https://doi.org/10.7910/DVN/XMHUNT,4,1,2013-03-25 00:00:00+00:00,2017-11-01 19:05:11+00:00,2775,1092,321,True,NONE,True,True,0,0,"citation,geospatial,socialscience",7,0,True,"application/octet-stream,application/pdf,application/vnd.ms-excel,text/plain; charset=US-ASCII,text/tab-separated-values",2,0,4
doi:10.7910/DVN/UEBVER,MIT Libraries Dataverse,https://dataverse.harvard.edu/dataverse/mit,https://doi.org/10.7910/DVN/UEBVER,3,1,2012-12-06 00:00:00+00:00,2018-01-03 15:31:45+00:00,2884,1029,232,True,NONE,True,True,0,0,"citation,geospatial,socialscience",14,0,True,"application/dbf,application/octet-stream,application/pdf,text/plain; charset=US-ASCII,text/tab-separated-values",3,0,6
doi:10.7910/DVN/TO8XEQ,MIT Libraries Dataverse,https://dataverse.harvard.edu/dataverse/mit,https://doi.org/10.7910/DVN/TO8XEQ,1,1,2019-03-18 22:22:38+00:00,2019-03-18 22:22:38+00:00,590,590,103,True,CC0,True,False,0,0,citation,3,0,False,application/pdf,0,0,0
doi:10.7910/DVN/OKEZ8A,MIT Libraries Dataverse,https://dataverse.harvard.edu/dataverse/mit,https://doi.org/10.7910/DVN/OKEZ8A,3,2,2017-12-13 22:51:55+00:00,2018-03-09 19:04:33+00:00,1050,964,55,True,NONE,True,True,0,0,citation,13,0,False,"application/pdf,application/vnd.ms-excel,application/vnd.openxmlformats-officedocument.spreadsheetml.sheet,text/tab-separated-values",6,1,12
doi:10.7910/DVN/SQH78P,MIT Libraries Dataverse,https://dataverse.harvard.edu/dataverse/mit,https://doi.org/10.7910/DVN/SQH78P,4,1,2017-10-25 22:52:13+00:00,2020-07-14 17:46:17+00:00,1099,106,27,True,NONE,True,True,0,0,citation,10,0,False,text/plain,0,0,10
doi:10.7910/DVN/UFNZHY,MIT Libraries Dataverse,https://dataverse.harvard.edu/dataverse/mit,https://doi.org/10.7910/DVN/UFNZHY,2,1,2017-10-12 21:28:19+00:00,2017-10-19 18:59:21+00:00,1112,1105,52,True,NONE,True,True,0,0,citation,11,0,False,"application/pdf,application/vnd.ms-excel,text/tab-separated-values",7,0,11
doi:10.7910/DVN/UDZZHP,MIT Libraries Dataverse,https://dataverse.harvard.edu/dataverse/mit,https://doi.org/10.7910/DVN/UDZZHP,1,1,2019-05-10 18:01:29+00:00,2019-05-10 18:01:29+00:00,537,537,601,True,NONE,True,True,0,0,citation,7,7,False,application/octet-stream,0,0,7
doi:10.7910/DVN/GW2P3G,MIT Libraries Dataverse,https://dataverse.harvard.edu/dataverse/mit,https://doi.org/10.7910/DVN/GW2P3G,12,8,2014-01-06 00:00:00+00:00,2020-09-18 15:37:54+00:00,2488,40,286,True,NONE,True,True,0,0,"citation,geospatial,socialscience",52,4,True,"application/msword,application/octet-stream,application/pdf,application/vnd.ms-excel,application/vnd.openxmlformats-officedocument.spreadsheetml.sheet,application/vnd.openxmlformats-officedocument.wordprocessingml.document,application/x-gzip,application/zip,text/plain; charset=US-ASCII",0,1,52
doi:10.7910/DVN/TWOGGC,MIT Libraries Dataverse,https://dataverse.harvard.edu/dataverse/mit,https://doi.org/10.7910/DVN/TWOGGC,2,1,2017-08-02 16:34:59+00:00,2020-05-08 18:36:12+00:00,1183,173,612,True,CC0,True,False,0,0,citation,0,0,False,NA,0,0,0
doi:10.7910/DVN/ALALO7,MIT Libraries Dataverse,https://dataverse.harvard.edu/dataverse/mit,https://doi.org/10.7910/DVN/ALALO7,1,1,2019-04-12 18:09:11+00:00,2019-04-12 18:09:11+00:00,565,565,138,False,NONE,False,True,0,0,citation,1228,1218,False,"application/octet-stream,application/x-tar,application/zip",0,0,1227
doi:10.7910/DVN/ZLRXFS,MIT Libraries Dataverse,https://dataverse.harvard.edu/dataverse/mit,https://doi.org/10.7910/DVN/ZLRXFS,3,2,2019-05-13 20:23:02+00:00,2019-08-06 18:01:40+00:00,534,449,297,True,NONE,True,True,0,0,citation,141,137,False,"application/octet-stream,application/vnd.openxmlformats-officedocument.spreadsheetml.sheet,text/tab-separated-values",3,1,141
doi:10.7910/DVN/P2RTHN,MIT Libraries Dataverse,https://dataverse.harvard.edu/dataverse/mit,https://doi.org/10.7910/DVN/P2RTHN,2,1,2019-07-24 20:13:50+00:00,2019-07-24 20:14:45+00:00,462,462,238,True,NONE,True,True,0,0,citation,1,0,False,application/vnd.ms-excel,0,0,1
doi:10.7910/DVN/L3JH6Y,MIT Libraries Dataverse,https://dataverse.harvard.edu/dataverse/mit,https://doi.org/10.7910/DVN/L3JH6Y,2,1,2019-07-24 20:35:48+00:00,2019-07-24 20:42:44+00:00,462,462,246,True,NONE,True,True,0,0,citation,1,0,False,text/tab-separated-values,1,0,1
doi:10.7910/DVN/YGHCRG,MIT Libraries Dataverse,https://dataverse.harvard.edu/dataverse/mit,https://doi.org/10.7910/DVN/YGHCRG,1,2,2019-09-06 17:46:34+00:00,2019-09-06 17:46:34+00:00,418,418,175,False,NONE,False,True,0,0,citation,83,83,False,"application/octet-stream,application/x-tar,application/zip,text/csv,text/plain",0,18,83
doi:10.7910/DVN/XX3YJ4,MIT Libraries Dataverse,https://dataverse.harvard.edu/dataverse/mit,https://doi.org/10.7910/DVN/XX3YJ4,12,7,2017-01-03 18:06:55+00:00,2020-07-20 19:06:47+00:00,1394,100,104,True,NONE,True,True,0,0,citation,72,24,True,"application/vnd.openxmlformats-officedocument.spreadsheetml.sheet,application/zip,text/tab-separated-values",61,1,72
doi:10.7910/DVN/COHFWA,MIT Libraries Dataverse,https://dataverse.harvard.edu/dataverse/mit,https://doi.org/10.7910/DVN/COHFWA,11,9,2015-08-19 21:32:47+00:00,2019-12-17 18:37:12+00:00,1897,316,449,True,NONE,True,True,0,0,citation,138,5,True,"application/zip,binary/octet-stream,text/tab-separated-values,text/x-fixed-field",12,0,134
doi:10.7910/DVN/QGIQ0F,MIT Libraries Dataverse,https://dataverse.harvard.edu/dataverse/mit,https://doi.org/10.7910/DVN/QGIQ0F,1,1,2019-05-28 19:57:24+00:00,2019-05-28 19:57:24+00:00,519,519,260,True,NONE,True,True,0,0,citation,32,32,False,"application/pdf,application/vnd.ms-excel,application/vnd.openxmlformats-officedocument.spreadsheetml.sheet,application/vnd.openxmlformats-officedocument.wordprocessingml.document,application/zip",0,2,32
doi:10.7910/DVN/K2SSTK,MIT Libraries Dataverse,https://dataverse.harvard.edu/dataverse/mit,https://doi.org/10.7910/DVN/K2SSTK,3,1,2018-09-20 15:17:37+00:00,2019-01-09 14:13:09+00:00,769,658,146,True,NONE,True,True,0,0,citation,20,7,False,"application/msword,application/vnd.ms-excel,application/vnd.openxmlformats-officedocument.spreadsheetml.sheet,text/plain,text/tab-separated-values",9,2,20
doi:10.7910/DVN/U4WYFT,MIT Libraries Dataverse,https://dataverse.harvard.edu/dataverse/mit,https://doi.org/10.7910/DVN/U4WYFT,2,1,2017-10-27 19:55:36+00:00,2017-10-31 20:20:45+00:00,1097,1093,28,True,NONE,True,True,0,0,citation,8,0,False,text/plain,0,0,8
doi:10.7910/DVN/JYZXS8,MIT Libraries Dataverse,https://dataverse.harvard.edu/dataverse/mit,https://doi.org/10.7910/DVN/JYZXS8,4,1,2013-03-25 00:00:00+00:00,2017-11-01 19:21:31+00:00,2775,1092,321,True,NONE,True,True,0,0,"citation,geospatial,socialscience",8,0,True,"application/msword,application/octet-stream,application/pdf,application/vnd.ms-excel,text/plain; charset=US-ASCII,text/tab-separated-values",2,0,4
doi:10.7910/DVN/NC3OUF,MIT Libraries Dataverse,https://dataverse.harvard.edu/dataverse/mit,https://doi.org/10.7910/DVN/NC3OUF,4,1,2013-03-25 00:00:00+00:00,2017-11-01 19:34:07+00:00,2775,1092,321,True,NONE,True,True,0,0,"citation,geospatial,socialscience",5,0,True,"application/dbf,application/pdf,application/vnd.ms-excel,text/plain; charset=US-ASCII,text/tab-separated-values",1,0,2
doi:10.7910/DVN/AMUDUW,MIT Libraries Dataverse,https://dataverse.harvard.edu/dataverse/mit,https://doi.org/10.7910/DVN/AMUDUW,5,2,2015-11-09 15:50:52+00:00,2017-09-19 15:09:02+00:00,1815,1135,260,True,NONE,True,True,0,0,citation,18,0,True,"application/zip,text/plain",0,0,16
doi:10.7910/DVN/TJI3V0,MIT Libraries Dataverse,https://dataverse.harvard.edu/dataverse/mit,https://doi.org/10.7910/DVN/TJI3V0,4,1,2013-01-08 00:00:00+00:00,2017-11-01 19:47:13+00:00,2851,1092,323,True,NONE,True,True,0,0,"citation,geospatial,socialscience",6,0,True,"application/msword,application/octet-stream,application/pdf,text/plain; charset=US-ASCII,text/tab-separated-values",1,0,2
doi:10.7910/DVN/MLNGF4,MIT Libraries Dataverse,https://dataverse.harvard.edu/dataverse/mit,https://doi.org/10.7910/DVN/MLNGF4,7,4,2013-01-07 00:00:00+00:00,2017-11-01 19:44:41+00:00,2852,1092,321,True,NONE,True,True,0,0,"citation,geospatial,socialscience",6,0,True,"application/msword,application/octet-stream,application/pdf,text/plain; charset=US-ASCII,text/tab-separated-values",1,0,2
doi:10.7910/DVN/BYCNST,MIT Libraries Dataverse,https://dataverse.harvard.edu/dataverse/mit,https://doi.org/10.7910/DVN/BYCNST,4,1,2012-12-06 00:00:00+00:00,2018-03-26 18:36:59+00:00,2884,947,232,True,NONE,True,True,0,0,"citation,geospatial,socialscience",14,0,True,"application/msword,application/octet-stream,application/pdf,text/plain; charset=US-ASCII,text/tab-separated-values",2,0,0
doi:10.7910/DVN/MFMHRS,MIT Libraries Dataverse,https://dataverse.harvard.edu/dataverse/mit,https://doi.org/10.7910/DVN/MFMHRS,4,1,2007-11-28 00:00:00+00:00,2018-03-26 19:03:32+00:00,4719,947,386,True,NONE,True,True,0,0,"citation,geospatial,socialscience",16,0,True,"application/msword,application/octet-stream,application/zip,text/plain; charset=US-ASCII",0,0,8
doi:10.7910/DVN/M2WNLO,MIT Libraries Dataverse,https://dataverse.harvard.edu/dataverse/mit,https://doi.org/10.7910/DVN/M2WNLO,3,2,2020-03-16 21:31:52+00:00,2020-05-04 17:54:51+00:00,226,177,362,True,NONE,True,True,0,0,citation,474,472,False,application/vnd.ms-excel,0,0,474
doi:10.7910/DVN/XAUHMH,MIT Libraries Dataverse,https://dataverse.harvard.edu/dataverse/mit,https://doi.org/10.7910/DVN/XAUHMH,8,3,2016-08-26 13:28:37+00:00,2019-09-06 19:37:30+00:00,1524,418,92,True,NONE,True,True,0,0,citation,8,2,False,"application/x-7z-compressed,application/zip",0,0,8
doi:10.7910/DVN/RPO6K9,MIT Libraries Dataverse,https://dataverse.harvard.edu/dataverse/mit,https://doi.org/10.7910/DVN/RPO6K9,1,1,2019-08-01 19:53:27+00:00,2019-08-01 19:53:27+00:00,454,454,1422,True,NONE,True,True,0,0,citation,1,1,False,application/pdf,0,0,1
doi:10.7910/DVN/V5QCHR,MIT Libraries Dataverse,https://dataverse.harvard.edu/dataverse/mit,https://doi.org/10.7910/DVN/V5QCHR,5,2,2013-03-25 00:00:00+00:00,2017-11-01 19:31:41+00:00,2775,1092,321,True,NONE,True,True,0,0,"citation,geospatial,socialscience",7,0,True,"application/dbf,application/octet-stream,application/pdf,application/vnd.ms-excel,text/plain; charset=US-ASCII,text/tab-separated-values",2,0,4
doi:10.7910/DVN/MWZIQ5,MIT Libraries Dataverse,https://dataverse.harvard.edu/dataverse/mit,https://doi.org/10.7910/DVN/MWZIQ5,8,5,2012-11-16 00:00:00+00:00,2017-11-01 19:49:47+00:00,2904,1092,323,True,NONE,True,True,0,0,"citation,geospatial,socialscience",7,0,True,"application/msword,application/octet-stream,application/pdf,text/plain; charset=US-ASCII,text/tab-separated-values",1,0,2
doi:10.7910/DVN/IFY5RS,MIT Libraries Dataverse,https://dataverse.harvard.edu/dataverse/mit,https://doi.org/10.7910/DVN/IFY5RS,4,1,2013-03-25 00:00:00+00:00,2017-11-01 19:26:59+00:00,2775,1092,321,True,NONE,True,True,0,0,"citation,geospatial,socialscience",6,0,True,"application/dbf,application/pdf,application/vnd.ms-excel,text/plain; charset=US-ASCII,text/tab-separated-values",1,0,2
doi:10.7910/DVN/GLDDRB,MIT Libraries Dataverse,https://dataverse.harvard.edu/dataverse/mit,https://doi.org/10.7910/DVN/GLDDRB,4,1,2012-12-06 00:00:00+00:00,2018-03-26 18:51:14+00:00,2884,947,236,True,NONE,True,True,0,0,"citation,geospatial,socialscience",27,0,True,"application/dbf,application/msword,application/octet-stream,application/pdf,text/plain; charset=US-ASCII,text/tab-separated-values",4,0,8
doi:10.7910/DVN/D3HILR,MIT Libraries Dataverse,https://dataverse.harvard.edu/dataverse/mit,https://doi.org/10.7910/DVN/D3HILR,4,1,2012-12-06 00:00:00+00:00,2018-03-26 18:23:45+00:00,2884,947,235,True,NONE,True,True,0,0,"citation,geospatial,socialscience",14,0,True,"application/dbf,application/msword,application/octet-stream,application/pdf,text/plain; charset=US-ASCII,text/tab-separated-values",2,0,0
doi:10.7910/DVN/OUUBLW,MIT Libraries Dataverse,https://dataverse.harvard.edu/dataverse/mit,https://doi.org/10.7910/DVN/OUUBLW,3,1,2018-04-26 18:24:50+00:00,2019-08-06 17:56:43+00:00,916,449,742,True,NONE,True,True,0,0,citation,6,5,False,"application/octet-stream,application/pdf,application/warc,text/plain,text/plain; charset=US-ASCII",0,0,6
doi:10.7910/DVN/51SIMV,MIT Libraries Dataverse,https://dataverse.harvard.edu/dataverse/mit,https://doi.org/10.7910/DVN/51SIMV,3,1,2015-10-11 13:06:18+00:00,2017-09-19 15:30:46+00:00,1844,1135,1536,True,NONE,True,True,0,0,citation,2,0,True,"application/vnd.ms-excel.sheet.macroEnabled.12,application/vnd.oasis.opendocument.spreadsheet",0,0,2
doi:10.7910/DVN/AZVZ6T,MIT Libraries Dataverse,https://dataverse.harvard.edu/dataverse/mit,https://doi.org/10.7910/DVN/AZVZ6T,1,1,2018-10-15 17:17:48+00:00,2018-10-15 17:17:48+00:00,744,744,70,True,NONE,True,True,0,0,citation,3,0,False,application/pdf,0,0,3
doi:10.7910/DVN/EF3UJM,MIT Libraries Dataverse,https://dataverse.harvard.edu/dataverse/mit,https://doi.org/10.7910/DVN/EF3UJM,2,2,2018-04-12 20:58:27+00:00,2018-07-26 15:46:13+00:00,930,825,29,True,NONE,True,True,0,0,citation,3,1,False,application/zip,0,0,3
