datasetPID,dataverseName,dataverseUrl,datasetPIDUrl,numberOfVersions,numberOfMajorVersions,publicationDate,latestReleaseDate,ageOfDataset(Days),ageOfLastUpdate(Days),descriptionLenth,termsExist,license,termsOfUseExists,termsOfAccessExists,relPubCount,relPubPIDCount,usedMetadataBlocks,numberOfFiles,noFileDescriptionCount,fileTagsExist,uniqueContentTypes,ingestableTabularFileCount,ingestedTabFilesCount,uningestedTabFilesCount,restrictedFilesCount
doi:10.7910/DVN/EBCUXH,Numeric Data Services Dataverse,https://dataverse.harvard.edu/dataverse/nds,https://doi.org/10.7910/DVN/EBCUXH,3,1,2019-06-19 17:45:42+00:00,2021-02-05 15:26:45+00:00,613,16,2025,True,NONE,True,True,0,0,citation,0,0,False,NA,0,0,0,0
doi:10.7910/DVN/TYOUZH,Numeric Data Services Dataverse,https://dataverse.harvard.edu/dataverse/nds,https://doi.org/10.7910/DVN/TYOUZH,1,1,2021-02-05 15:00:12+00:00,2021-02-05 15:00:12+00:00,16,16,200,True,NONE,True,True,0,0,citation,13,13,False,"application/dbf,application/pdf,application/vnd.ms-excel,application/x-dbase,text/tab-separated-values",1,1,0,13
doi:10.7910/DVN/CS06QO,Numeric Data Services Dataverse,https://dataverse.harvard.edu/dataverse/nds,https://doi.org/10.7910/DVN/CS06QO,1,1,2020-11-30 20:58:31+00:00,2020-11-30 20:58:31+00:00,83,83,461,True,NONE,True,False,0,0,citation,0,0,False,NA,0,0,0,0
doi:10.7910/DVN/MQHUW5,Numeric Data Services Dataverse,https://dataverse.harvard.edu/dataverse/nds,https://doi.org/10.7910/DVN/MQHUW5,2,2,2020-11-30 20:39:54+00:00,2020-12-02 15:40:12+00:00,83,81,202,True,NONE,True,True,0,0,citation,6,6,False,"application/dbf,application/pdf,application/vnd.ms-excel,application/zip,text/tab-separated-values",1,1,0,6
doi:10.7910/DVN/87KYRV,Numeric Data Services Dataverse,https://dataverse.harvard.edu/dataverse/nds,https://doi.org/10.7910/DVN/87KYRV,2,2,2020-11-30 20:28:14+00:00,2020-12-02 15:44:02+00:00,83,81,202,True,NONE,True,True,0,0,citation,8,8,False,"application/dbf,application/pdf,application/vnd.ms-excel,application/zip,text/tab-separated-values",1,1,0,8
doi:10.7910/DVN/XCWP9T,Numeric Data Services Dataverse,https://dataverse.harvard.edu/dataverse/nds,https://doi.org/10.7910/DVN/XCWP9T,2,2,2020-11-30 20:18:33+00:00,2020-12-02 16:59:23+00:00,83,81,201,True,NONE,True,True,0,0,citation,2,2,False,"application/pdf,application/zip",0,0,0,2
doi:10.7910/DVN/PRBNP6,Numeric Data Services Dataverse,https://dataverse.harvard.edu/dataverse/nds,https://doi.org/10.7910/DVN/PRBNP6,1,1,2020-11-30 20:06:35+00:00,2020-11-30 20:06:35+00:00,83,83,274,True,NONE,True,True,0,0,citation,11,11,False,"application/dbf,application/pdf,application/vnd.ms-excel",0,0,0,11
doi:10.7910/DVN/XKLV9O,Numeric Data Services Dataverse,https://dataverse.harvard.edu/dataverse/nds,https://doi.org/10.7910/DVN/XKLV9O,1,1,2020-11-30 19:48:32+00:00,2020-11-30 19:48:32+00:00,83,83,226,True,NONE,True,True,0,0,citation,6,6,False,"application/dbf,application/pdf,application/vnd.ms-excel",0,0,0,6
doi:10.7910/DVN/XU61WU,Numeric Data Services Dataverse,https://dataverse.harvard.edu/dataverse/nds,https://doi.org/10.7910/DVN/XU61WU,1,1,2020-11-30 19:34:33+00:00,2020-11-30 19:34:33+00:00,83,83,230,True,NONE,True,True,0,0,citation,9,9,False,"application/dbf,application/msword,application/octet-stream,application/pdf,application/vnd.ms-excel",0,0,0,9
doi:10.7910/DVN/GJWIQN,Numeric Data Services Dataverse,https://dataverse.harvard.edu/dataverse/nds,https://doi.org/10.7910/DVN/GJWIQN,1,1,2020-11-30 19:27:10+00:00,2020-11-30 19:27:10+00:00,83,83,229,True,NONE,True,True,0,0,citation,6,6,False,"application/dbf,application/msword,application/octet-stream,text/plain",0,0,0,6
doi:10.7910/DVN/SRILPI,Numeric Data Services Dataverse,https://dataverse.harvard.edu/dataverse/nds,https://doi.org/10.7910/DVN/SRILPI,1,1,2008-02-08 00:00:00+00:00,2008-02-08 00:00:00+00:00,4763,4763,0,True,NONE,True,False,0,0,citation,3,0,True,text/plain; charset=US-ASCII,0,0,0,3
doi:10.7910/DVN/4LMTBA,Numeric Data Services Dataverse,https://dataverse.harvard.edu/dataverse/nds,https://doi.org/10.7910/DVN/4LMTBA,1,1,2008-02-11 00:00:00+00:00,2008-02-11 00:00:00+00:00,4760,4760,0,True,NONE,True,False,0,0,citation,5,0,True,"application/msword,application/pdf,text/plain; charset=US-ASCII,text/tab-separated-values,text/x-spss-syntax; charset=US-ASCII",1,1,0,5
doi:10.7910/DVN/9T0QN1,Numeric Data Services Dataverse,https://dataverse.harvard.edu/dataverse/nds,https://doi.org/10.7910/DVN/9T0QN1,1,1,2020-08-04 15:39:32+00:00,2020-08-04 15:39:32+00:00,201,201,50,True,NONE,True,True,0,0,citation,13,13,False,"application/dbf,application/octet-stream,application/pdf,application/vnd.ms-excel,text/tab-separated-values",1,1,0,13
doi:10.7910/DVN/WLNBCS,Numeric Data Services Dataverse,https://dataverse.harvard.edu/dataverse/nds,https://doi.org/10.7910/DVN/WLNBCS,1,1,2008-02-11 00:00:00+00:00,2008-02-11 00:00:00+00:00,4760,4760,0,True,NONE,True,False,0,0,citation,3,0,True,text/plain; charset=US-ASCII,0,0,0,3
doi:10.7910/DVN/OEHEDI,Numeric Data Services Dataverse,https://dataverse.harvard.edu/dataverse/nds,https://doi.org/10.7910/DVN/OEHEDI,1,1,2007-11-28 00:00:00+00:00,2007-11-28 00:00:00+00:00,4835,4835,376,True,NONE,True,False,0,0,"citation,geospatial",3,0,True,"application/pdf,text/plain; charset=US-ASCII",1,0,1,3
doi:10.7910/DVN/VSUDSH,Numeric Data Services Dataverse,https://dataverse.harvard.edu/dataverse/nds,https://doi.org/10.7910/DVN/VSUDSH,1,1,2008-02-08 00:00:00+00:00,2008-02-08 00:00:00+00:00,4763,4763,0,True,NONE,True,False,0,0,citation,3,0,True,text/plain; charset=US-ASCII,0,0,0,3
doi:10.7910/DVN/ZVOCLA,Numeric Data Services Dataverse,https://dataverse.harvard.edu/dataverse/nds,https://doi.org/10.7910/DVN/ZVOCLA,1,1,2019-06-18 14:21:04+00:00,2019-06-18 14:21:04+00:00,614,614,56,True,NONE,True,True,0,0,citation,9,9,False,"application/dbf,application/pdf,text/plain",0,0,0,9
doi:10.7910/DVN/ULKDS4,Numeric Data Services Dataverse,https://dataverse.harvard.edu/dataverse/nds,https://doi.org/10.7910/DVN/ULKDS4,1,1,2008-02-12 00:00:00+00:00,2008-02-12 00:00:00+00:00,4759,4759,0,True,NONE,True,False,0,0,"citation,geospatial,socialscience",5,0,True,"application/msword,application/pdf,text/plain; charset=US-ASCII,text/tab-separated-values,text/x-spss-syntax; charset=US-ASCII",1,1,0,5
doi:10.7910/DVN/XFTSO8,Numeric Data Services Dataverse,https://dataverse.harvard.edu/dataverse/nds,https://doi.org/10.7910/DVN/XFTSO8,1,1,2008-02-11 00:00:00+00:00,2008-02-11 00:00:00+00:00,4760,4760,0,True,NONE,True,False,0,0,citation,5,0,True,"application/msword,application/pdf,text/plain; charset=US-ASCII,text/tab-separated-values,text/x-spss-syntax; charset=US-ASCII",1,1,0,5
doi:10.7910/DVN/QDKVZF,Numeric Data Services Dataverse,https://dataverse.harvard.edu/dataverse/nds,https://doi.org/10.7910/DVN/QDKVZF,1,1,2008-02-05 00:00:00+00:00,2008-02-05 00:00:00+00:00,4766,4766,0,True,NONE,True,False,0,0,"citation,socialscience",3,0,True,text/plain; charset=US-ASCII,0,0,0,3
doi:10.7910/DVN/HHDQ8M,Numeric Data Services Dataverse,https://dataverse.harvard.edu/dataverse/nds,https://doi.org/10.7910/DVN/HHDQ8M,1,1,2008-02-08 00:00:00+00:00,2008-02-08 00:00:00+00:00,4763,4763,0,True,NONE,True,False,0,0,citation,3,0,True,text/plain; charset=US-ASCII,0,0,0,3
doi:10.7910/DVN/WPHIKR,Numeric Data Services Dataverse,https://dataverse.harvard.edu/dataverse/nds,https://doi.org/10.7910/DVN/WPHIKR,1,1,2008-02-08 00:00:00+00:00,2008-02-08 00:00:00+00:00,4763,4763,0,True,NONE,True,False,0,0,citation,3,0,True,text/plain; charset=US-ASCII,0,0,0,3
doi:10.7910/DVN/GSWK5U,Numeric Data Services Dataverse,https://dataverse.harvard.edu/dataverse/nds,https://doi.org/10.7910/DVN/GSWK5U,1,1,2008-02-08 00:00:00+00:00,2008-02-08 00:00:00+00:00,4763,4763,0,True,NONE,True,False,0,0,citation,3,0,True,text/plain; charset=US-ASCII,0,0,0,3
doi:10.7910/DVN/ZUAPIZ,Numeric Data Services Dataverse,https://dataverse.harvard.edu/dataverse/nds,https://doi.org/10.7910/DVN/ZUAPIZ,1,1,2008-02-12 00:00:00+00:00,2008-02-12 00:00:00+00:00,4759,4759,0,True,NONE,True,False,0,0,"citation,geospatial,socialscience",3,0,True,"application/msword,text/plain; charset=US-ASCII",0,0,0,3
doi:10.7910/DVN/KIMH9A,Numeric Data Services Dataverse,https://dataverse.harvard.edu/dataverse/nds,https://doi.org/10.7910/DVN/KIMH9A,1,1,2008-02-12 00:00:00+00:00,2008-02-12 00:00:00+00:00,4759,4759,0,True,NONE,True,False,0,0,"citation,geospatial,socialscience",4,0,True,"text/plain; charset=US-ASCII,text/tab-separated-values",1,1,0,4
doi:10.7910/DVN/XVYPIZ,Numeric Data Services Dataverse,https://dataverse.harvard.edu/dataverse/nds,https://doi.org/10.7910/DVN/XVYPIZ,2,1,2008-02-12 00:00:00+00:00,2016-07-19 14:46:53+00:00,4759,1678,0,True,NONE,True,True,0,0,"citation,geospatial,socialscience",4,0,True,"text/plain; charset=US-ASCII,text/tab-separated-values",1,1,0,4
doi:10.7910/DVN/29DDIX,Numeric Data Services Dataverse,https://dataverse.harvard.edu/dataverse/nds,https://doi.org/10.7910/DVN/29DDIX,1,1,2008-02-11 00:00:00+00:00,2008-02-11 00:00:00+00:00,4760,4760,0,True,NONE,True,False,0,0,citation,3,0,True,text/plain; charset=US-ASCII,0,0,0,3
doi:10.7910/DVN/XSALRZ,Numeric Data Services Dataverse,https://dataverse.harvard.edu/dataverse/nds,https://doi.org/10.7910/DVN/XSALRZ,4,2,2007-11-28 00:00:00+00:00,2016-07-18 20:57:26+00:00,4835,1679,511,True,NONE,True,True,0,0,citation,9,0,True,"application/octet-stream,application/vnd.ms-excel",0,0,0,9
doi:10.7910/DVN/78CMF6,Numeric Data Services Dataverse,https://dataverse.harvard.edu/dataverse/nds,https://doi.org/10.7910/DVN/78CMF6,1,1,2008-02-08 00:00:00+00:00,2008-02-08 00:00:00+00:00,4763,4763,0,True,NONE,True,False,0,0,citation,3,0,True,text/plain; charset=US-ASCII,0,0,0,3
doi:10.7910/DVN/HEHXGN,Numeric Data Services Dataverse,https://dataverse.harvard.edu/dataverse/nds,https://doi.org/10.7910/DVN/HEHXGN,2,1,2007-11-28 00:00:00+00:00,2015-06-23 15:00:06+00:00,4835,2070,328,True,NONE,True,True,0,0,"citation,geospatial",6,0,True,"application/msword,application/pdf,text/tab-separated-values,text/x-spss-syntax; charset=US-ASCII",1,1,0,5
doi:10.7910/DVN/EDXF6M,Numeric Data Services Dataverse,https://dataverse.harvard.edu/dataverse/nds,https://doi.org/10.7910/DVN/EDXF6M,1,1,2007-11-28 00:00:00+00:00,2007-11-28 00:00:00+00:00,4835,4835,376,True,NONE,True,False,0,0,"citation,geospatial",3,0,True,"application/pdf,text/plain; charset=US-ASCII",1,0,1,3
doi:10.7910/DVN/VZPUWV,Numeric Data Services Dataverse,https://dataverse.harvard.edu/dataverse/nds,https://doi.org/10.7910/DVN/VZPUWV,1,1,2019-06-17 19:16:54+00:00,2019-06-17 19:16:54+00:00,615,615,50,True,NONE,True,True,0,0,citation,8,8,False,"application/dbf,application/msword,application/pdf,application/vnd.ms-excel",0,0,0,8
doi:10.7910/DVN/FGGVIR,Numeric Data Services Dataverse,https://dataverse.harvard.edu/dataverse/nds,https://doi.org/10.7910/DVN/FGGVIR,1,1,2019-06-17 19:54:56+00:00,2019-06-17 19:54:56+00:00,615,615,50,True,NONE,True,True,0,0,citation,6,6,False,"application/dbf,application/msword,application/pdf,application/vnd.ms-excel",0,0,0,6
doi:10.7910/DVN/QEZFIS,Numeric Data Services Dataverse,https://dataverse.harvard.edu/dataverse/nds,https://doi.org/10.7910/DVN/QEZFIS,1,1,2018-03-16 17:33:51+00:00,2018-03-16 17:33:51+00:00,1073,1073,82,True,NONE,True,True,0,0,citation,7,7,False,"application/dbf,application/msword,application/pdf,application/vnd.ms-excel",0,0,0,7
doi:10.7910/DVN/MG3RCY,Numeric Data Services Dataverse,https://dataverse.harvard.edu/dataverse/nds,https://doi.org/10.7910/DVN/MG3RCY,1,1,2008-02-12 00:00:00+00:00,2008-02-12 00:00:00+00:00,4759,4759,0,True,NONE,True,False,0,0,"citation,geospatial,socialscience",3,0,True,"application/msword,text/plain; charset=US-ASCII",0,0,0,3
doi:10.7910/DVN/OHJXRX,Numeric Data Services Dataverse,https://dataverse.harvard.edu/dataverse/nds,https://doi.org/10.7910/DVN/OHJXRX,1,1,2008-02-12 00:00:00+00:00,2008-02-12 00:00:00+00:00,4759,4759,0,True,NONE,True,False,0,0,"citation,geospatial,socialscience",3,0,True,"application/msword,text/plain; charset=US-ASCII",0,0,0,3
doi:10.7910/DVN/PIUSFR,Numeric Data Services Dataverse,https://dataverse.harvard.edu/dataverse/nds,https://doi.org/10.7910/DVN/PIUSFR,1,1,2008-02-08 00:00:00+00:00,2008-02-08 00:00:00+00:00,4763,4763,0,True,NONE,True,False,0,0,citation,3,0,True,text/plain; charset=US-ASCII,0,0,0,3
doi:10.7910/DVN/IWEH4F,Numeric Data Services Dataverse,https://dataverse.harvard.edu/dataverse/nds,https://doi.org/10.7910/DVN/IWEH4F,1,1,2008-02-08 00:00:00+00:00,2008-02-08 00:00:00+00:00,4763,4763,0,True,NONE,True,False,0,0,citation,3,0,True,text/plain; charset=US-ASCII,0,0,0,3
doi:10.7910/DVN/IQPBZM,Numeric Data Services Dataverse,https://dataverse.harvard.edu/dataverse/nds,https://doi.org/10.7910/DVN/IQPBZM,3,1,2008-04-30 00:00:00+00:00,2016-07-18 21:09:19+00:00,4681,1679,170,True,NONE,True,True,0,0,citation,2,0,True,"application/msword,text/tab-separated-values",1,1,0,2
doi:10.7910/DVN/MZUZYX,Numeric Data Services Dataverse,https://dataverse.harvard.edu/dataverse/nds,https://doi.org/10.7910/DVN/MZUZYX,1,1,2008-02-11 00:00:00+00:00,2008-02-11 00:00:00+00:00,4760,4760,0,True,NONE,True,False,0,0,citation,3,0,True,text/plain; charset=US-ASCII,0,0,0,3
doi:10.7910/DVN/G8LOYH,Numeric Data Services Dataverse,https://dataverse.harvard.edu/dataverse/nds,https://doi.org/10.7910/DVN/G8LOYH,1,1,2008-02-12 00:00:00+00:00,2008-02-12 00:00:00+00:00,4759,4759,0,True,NONE,True,False,0,0,"citation,geospatial,socialscience",5,0,True,"application/msword,application/pdf,text/plain; charset=US-ASCII",0,0,0,5
doi:10.7910/DVN/OZTIHH,Numeric Data Services Dataverse,https://dataverse.harvard.edu/dataverse/nds,https://doi.org/10.7910/DVN/OZTIHH,1,1,2008-02-11 00:00:00+00:00,2008-02-11 00:00:00+00:00,4760,4760,0,True,NONE,True,False,0,0,citation,3,0,True,text/plain; charset=US-ASCII,0,0,0,3
doi:10.7910/DVN/T1HTG5,Numeric Data Services Dataverse,https://dataverse.harvard.edu/dataverse/nds,https://doi.org/10.7910/DVN/T1HTG5,1,1,2008-02-12 00:00:00+00:00,2008-02-12 00:00:00+00:00,4759,4759,0,True,NONE,True,False,0,0,"citation,geospatial,socialscience",4,0,True,"application/msword,application/pdf,text/plain; charset=US-ASCII",0,0,0,4
doi:10.7910/DVN/WTVZJQ,Numeric Data Services Dataverse,https://dataverse.harvard.edu/dataverse/nds,https://doi.org/10.7910/DVN/WTVZJQ,1,1,2008-02-12 00:00:00+00:00,2008-02-12 00:00:00+00:00,4759,4759,0,True,NONE,True,False,0,0,"citation,geospatial,socialscience",5,0,True,"application/msword,application/pdf,text/plain; charset=US-ASCII",0,0,0,5
doi:10.7910/DVN/DKFWZU,Numeric Data Services Dataverse,https://dataverse.harvard.edu/dataverse/nds,https://doi.org/10.7910/DVN/DKFWZU,1,1,2008-02-12 00:00:00+00:00,2008-02-12 00:00:00+00:00,4759,4759,0,True,NONE,True,False,0,0,"citation,geospatial,socialscience",5,0,True,"application/msword,application/pdf,text/plain; charset=US-ASCII",0,0,0,5
doi:10.7910/DVN/UGCKNB,Numeric Data Services Dataverse,https://dataverse.harvard.edu/dataverse/nds,https://doi.org/10.7910/DVN/UGCKNB,1,1,2008-02-12 00:00:00+00:00,2008-02-12 00:00:00+00:00,4759,4759,0,True,NONE,True,False,0,0,"citation,geospatial,socialscience",4,0,True,"text/plain; charset=US-ASCII,text/tab-separated-values",1,1,0,4
doi:10.7910/DVN/QL9C69,Numeric Data Services Dataverse,https://dataverse.harvard.edu/dataverse/nds,https://doi.org/10.7910/DVN/QL9C69,1,1,2008-02-12 00:00:00+00:00,2008-02-12 00:00:00+00:00,4759,4759,0,True,NONE,True,False,0,0,"citation,geospatial,socialscience",5,0,True,"application/msword,application/pdf,text/plain; charset=US-ASCII",0,0,0,5
doi:10.7910/DVN/DPXI7V,Numeric Data Services Dataverse,https://dataverse.harvard.edu/dataverse/nds,https://doi.org/10.7910/DVN/DPXI7V,1,1,2007-11-28 00:00:00+00:00,2007-11-28 00:00:00+00:00,4835,4835,376,True,NONE,True,False,0,0,"citation,geospatial",2,0,True,"application/pdf,text/plain; charset=US-ASCII",1,0,1,2
doi:10.7910/DVN/9GPLPB,Numeric Data Services Dataverse,https://dataverse.harvard.edu/dataverse/nds,https://doi.org/10.7910/DVN/9GPLPB,1,1,2008-02-08 00:00:00+00:00,2008-02-08 00:00:00+00:00,4763,4763,0,True,NONE,True,False,0,0,citation,3,0,True,text/plain; charset=US-ASCII,0,0,0,3
doi:10.7910/DVN/MQQLW5,Numeric Data Services Dataverse,https://dataverse.harvard.edu/dataverse/nds,https://doi.org/10.7910/DVN/MQQLW5,1,1,2018-03-16 16:54:35+00:00,2018-03-16 16:54:35+00:00,1073,1073,78,True,NONE,True,True,0,0,citation,5,5,False,"application/dbf,application/msword,application/octet-stream,text/plain",0,0,0,5
doi:10.7910/DVN/N07U7J,Numeric Data Services Dataverse,https://dataverse.harvard.edu/dataverse/nds,https://doi.org/10.7910/DVN/N07U7J,1,1,2018-03-15 18:15:18+00:00,2018-03-15 18:15:18+00:00,1074,1074,78,True,NONE,True,True,0,0,citation,4,0,False,"application/dbf,application/msword,application/vnd.ms-excel",0,0,0,4
doi:10.7910/DVN/JFLMJV,Numeric Data Services Dataverse,https://dataverse.harvard.edu/dataverse/nds,https://doi.org/10.7910/DVN/JFLMJV,1,1,2008-02-12 00:00:00+00:00,2008-02-12 00:00:00+00:00,4759,4759,0,True,NONE,True,False,0,0,"citation,geospatial,socialscience",2,0,True,"application/pdf,text/tab-separated-values",1,1,0,2
doi:10.7910/DVN/NEAOXB,Numeric Data Services Dataverse,https://dataverse.harvard.edu/dataverse/nds,https://doi.org/10.7910/DVN/NEAOXB,1,1,2020-08-04 15:37:10+00:00,2020-08-04 15:37:10+00:00,201,201,50,True,NONE,True,True,0,0,citation,8,8,False,"application/dbf,application/pdf,application/vnd.ms-excel,application/zip,text/tab-separated-values",1,1,0,8
doi:10.7910/DVN/TJ0QET,Numeric Data Services Dataverse,https://dataverse.harvard.edu/dataverse/nds,https://doi.org/10.7910/DVN/TJ0QET,1,1,2020-08-04 15:35:09+00:00,2020-08-04 15:35:09+00:00,201,201,50,True,NONE,True,True,0,0,citation,10,10,False,"application/dbf,application/pdf,application/vnd.ms-excel,application/zip,text/plain,text/tab-separated-values",1,1,0,10
doi:10.7910/DVN/BOXZWU,Numeric Data Services Dataverse,https://dataverse.harvard.edu/dataverse/nds,https://doi.org/10.7910/DVN/BOXZWU,1,1,2020-08-04 15:32:32+00:00,2020-08-04 15:32:32+00:00,201,201,50,True,NONE,True,True,0,0,citation,8,8,False,"application/dbf,application/octet-stream,application/pdf,application/vnd.ms-excel,application/zip,text/tab-separated-values",1,1,0,8
doi:10.7910/DVN/DGNKQ2,Numeric Data Services Dataverse,https://dataverse.harvard.edu/dataverse/nds,https://doi.org/10.7910/DVN/DGNKQ2,1,1,2020-08-04 15:29:27+00:00,2020-08-04 15:29:27+00:00,201,201,50,True,NONE,True,True,0,0,citation,7,7,False,"application/dbf,application/pdf,application/vnd.ms-excel,application/zip,text/tab-separated-values",2,2,0,7
doi:10.7910/DVN/LEKAKB,Numeric Data Services Dataverse,https://dataverse.harvard.edu/dataverse/nds,https://doi.org/10.7910/DVN/LEKAKB,1,1,2008-02-12 00:00:00+00:00,2008-02-12 00:00:00+00:00,4759,4759,0,True,NONE,True,False,0,0,"citation,geospatial,socialscience",5,0,True,"application/msword,application/pdf,text/plain; charset=US-ASCII",0,0,0,5
doi:10.7910/DVN/ZOGPHC,Numeric Data Services Dataverse,https://dataverse.harvard.edu/dataverse/nds,https://doi.org/10.7910/DVN/ZOGPHC,1,1,2017-08-08 19:14:27+00:00,2017-08-08 19:14:27+00:00,1293,1293,393,True,NONE,True,True,0,0,citation,20,0,False,"application/msword,application/vnd.ms-excel,application/vnd.openxmlformats-officedocument.spreadsheetml.sheet",2,0,2,20
doi:10.7910/DVN/U1OVMV,Numeric Data Services Dataverse,https://dataverse.harvard.edu/dataverse/nds,https://doi.org/10.7910/DVN/U1OVMV,1,1,2019-06-14 20:09:36+00:00,2019-06-14 20:09:36+00:00,618,618,50,True,NONE,True,True,0,0,citation,4,4,False,"application/msword,application/octet-stream,application/vnd.ms-excel",0,0,0,4
doi:10.7910/DVN/RUZ5TL,Numeric Data Services Dataverse,https://dataverse.harvard.edu/dataverse/nds,https://doi.org/10.7910/DVN/RUZ5TL,1,1,2008-02-08 00:00:00+00:00,2008-02-08 00:00:00+00:00,4763,4763,0,True,NONE,True,False,0,0,citation,3,0,True,text/plain; charset=US-ASCII,0,0,0,3
doi:10.7910/DVN/72WNKC,Numeric Data Services Dataverse,https://dataverse.harvard.edu/dataverse/nds,https://doi.org/10.7910/DVN/72WNKC,1,1,2018-03-15 19:15:55+00:00,2018-03-15 19:15:55+00:00,1074,1074,78,True,NONE,True,True,0,0,citation,4,0,False,"application/msword,application/octet-stream,application/vnd.ms-excel,text/plain; charset=US-ASCII",0,0,0,4
doi:10.7910/DVN/NIKHL1,Numeric Data Services Dataverse,https://dataverse.harvard.edu/dataverse/nds,https://doi.org/10.7910/DVN/NIKHL1,1,1,2007-11-28 00:00:00+00:00,2007-11-28 00:00:00+00:00,4835,4835,376,True,NONE,True,False,0,0,"citation,geospatial",3,0,True,"application/pdf,text/plain; charset=US-ASCII",1,0,1,3
doi:10.7910/DVN/ZZC2LX,Numeric Data Services Dataverse,https://dataverse.harvard.edu/dataverse/nds,https://doi.org/10.7910/DVN/ZZC2LX,1,1,2019-02-06 19:23:40+00:00,2019-02-06 19:23:40+00:00,746,746,78,True,NONE,True,True,0,0,citation,7,1,False,"application/dbf,application/octet-stream,application/pdf,application/vnd.ms-excel,text/plain",0,0,0,7
doi:10.7910/DVN/VXG7EA,Numeric Data Services Dataverse,https://dataverse.harvard.edu/dataverse/nds,https://doi.org/10.7910/DVN/VXG7EA,1,1,2008-02-12 00:00:00+00:00,2008-02-12 00:00:00+00:00,4759,4759,0,True,NONE,True,False,0,0,"citation,geospatial,socialscience",5,0,True,"application/msword,application/pdf,text/plain; charset=US-ASCII,text/tab-separated-values,text/x-spss-syntax; charset=US-ASCII",1,1,0,5
doi:10.7910/DVN/U1B0LX,Numeric Data Services Dataverse,https://dataverse.harvard.edu/dataverse/nds,https://doi.org/10.7910/DVN/U1B0LX,1,1,2019-06-18 15:27:52+00:00,2019-06-18 15:27:52+00:00,614,614,50,True,NONE,True,True,0,0,citation,3,3,False,"application/dbf,application/pdf",0,0,0,3
doi:10.7910/DVN/SUELNM,Numeric Data Services Dataverse,https://dataverse.harvard.edu/dataverse/nds,https://doi.org/10.7910/DVN/SUELNM,1,1,2018-03-16 17:01:18+00:00,2018-03-16 17:01:18+00:00,1073,1073,78,True,NONE,True,True,0,0,citation,9,9,False,"application/dbf,application/msword,application/pdf,application/vnd.ms-excel",0,0,0,9
doi:10.7910/DVN/WK5GZX,Numeric Data Services Dataverse,https://dataverse.harvard.edu/dataverse/nds,https://doi.org/10.7910/DVN/WK5GZX,1,1,2007-11-28 00:00:00+00:00,2007-11-28 00:00:00+00:00,4835,4835,714,True,NONE,True,False,0,0,citation,1,0,True,text/plain; charset=US-ASCII,0,0,0,1
doi:10.7910/DVN/VRBIPX,Numeric Data Services Dataverse,https://dataverse.harvard.edu/dataverse/nds,https://doi.org/10.7910/DVN/VRBIPX,1,1,2008-02-05 00:00:00+00:00,2008-02-05 00:00:00+00:00,4766,4766,0,True,NONE,True,False,0,0,"citation,geospatial",3,0,True,text/plain; charset=US-ASCII,0,0,0,3
doi:10.7910/DVN/9L7RGU,Numeric Data Services Dataverse,https://dataverse.harvard.edu/dataverse/nds,https://doi.org/10.7910/DVN/9L7RGU,1,1,2008-02-08 00:00:00+00:00,2008-02-08 00:00:00+00:00,4763,4763,0,True,NONE,True,False,0,0,citation,3,0,True,text/plain; charset=US-ASCII,0,0,0,3
doi:10.7910/DVN/LJLZ09,Numeric Data Services Dataverse,https://dataverse.harvard.edu/dataverse/nds,https://doi.org/10.7910/DVN/LJLZ09,1,1,2019-06-14 20:14:37+00:00,2019-06-14 20:14:37+00:00,618,618,50,True,NONE,True,True,0,0,citation,5,5,False,"application/dbf,application/msword,application/vnd.ms-excel",0,0,0,5
doi:10.7910/DVN/BFBON0,Numeric Data Services Dataverse,https://dataverse.harvard.edu/dataverse/nds,https://doi.org/10.7910/DVN/BFBON0,1,1,2019-06-14 20:13:17+00:00,2019-06-14 20:13:17+00:00,618,618,50,True,NONE,True,True,0,0,citation,3,3,False,"application/dbf,application/msword",0,0,0,3
doi:10.7910/DVN/29KTEJ,Numeric Data Services Dataverse,https://dataverse.harvard.edu/dataverse/nds,https://doi.org/10.7910/DVN/29KTEJ,1,1,2019-06-14 20:12:18+00:00,2019-06-14 20:12:18+00:00,618,618,50,True,NONE,True,True,0,0,citation,4,4,False,"application/msword,application/octet-stream,application/vnd.ms-excel",0,0,0,4
doi:10.7910/DVN/TLF14E,Numeric Data Services Dataverse,https://dataverse.harvard.edu/dataverse/nds,https://doi.org/10.7910/DVN/TLF14E,1,1,2019-06-14 20:10:39+00:00,2019-06-14 20:10:39+00:00,618,618,50,True,NONE,True,True,0,0,citation,4,4,False,"application/dbf,application/msword,application/vnd.ms-excel",0,0,0,4
doi:10.7910/DVN/KTNOY8,Numeric Data Services Dataverse,https://dataverse.harvard.edu/dataverse/nds,https://doi.org/10.7910/DVN/KTNOY8,1,1,2019-02-06 19:25:57+00:00,2019-02-06 19:25:57+00:00,746,746,78,True,NONE,True,True,0,0,citation,8,5,False,"application/octet-stream,application/pdf,application/vnd.ms-excel,application/x-rar-compressed,text/plain,text/tab-separated-values",1,1,0,8
doi:10.7910/DVN/XA6NBF,Numeric Data Services Dataverse,https://dataverse.harvard.edu/dataverse/nds,https://doi.org/10.7910/DVN/XA6NBF,1,1,2019-02-06 19:25:36+00:00,2019-02-06 19:25:36+00:00,746,746,78,True,NONE,True,True,0,0,citation,6,4,False,"application/octet-stream,application/pdf,application/vnd.ms-excel",0,0,0,6
doi:10.7910/DVN/W9QUXU,Numeric Data Services Dataverse,https://dataverse.harvard.edu/dataverse/nds,https://doi.org/10.7910/DVN/W9QUXU,1,1,2018-03-16 14:57:51+00:00,2018-03-16 14:57:51+00:00,1073,1073,78,True,NONE,True,True,0,0,citation,3,3,False,"application/msword,application/octet-stream,application/vnd.ms-excel",0,0,0,3
doi:10.7910/DVN/RE6TOD,Numeric Data Services Dataverse,https://dataverse.harvard.edu/dataverse/nds,https://doi.org/10.7910/DVN/RE6TOD,1,1,2018-03-16 14:49:00+00:00,2018-03-16 14:49:00+00:00,1073,1073,78,True,NONE,True,True,0,0,citation,3,0,False,"application/msword,application/octet-stream,application/vnd.ms-excel",0,0,0,3
doi:10.7910/DVN/1BVAWF,Numeric Data Services Dataverse,https://dataverse.harvard.edu/dataverse/nds,https://doi.org/10.7910/DVN/1BVAWF,1,1,2008-02-12 00:00:00+00:00,2008-02-12 00:00:00+00:00,4759,4759,0,True,NONE,True,False,0,0,"citation,geospatial,socialscience",2,0,True,"application/pdf,text/tab-separated-values",1,1,0,2
doi:10.7910/DVN/R4HDIV,Numeric Data Services Dataverse,https://dataverse.harvard.edu/dataverse/nds,https://doi.org/10.7910/DVN/R4HDIV,1,1,2019-06-18 14:29:38+00:00,2019-06-18 14:29:38+00:00,614,614,56,True,NONE,True,True,0,0,citation,10,10,False,"application/dbf,application/pdf,application/vnd.ms-excel",0,0,0,10
doi:10.7910/DVN/0VSKTD,Numeric Data Services Dataverse,https://dataverse.harvard.edu/dataverse/nds,https://doi.org/10.7910/DVN/0VSKTD,1,1,2019-06-18 14:28:38+00:00,2019-06-18 14:28:38+00:00,614,614,56,True,NONE,True,True,0,0,citation,9,9,False,"application/dbf,application/pdf,application/vnd.ms-excel",0,0,0,9
doi:10.7910/DVN/KKPXOZ,Numeric Data Services Dataverse,https://dataverse.harvard.edu/dataverse/nds,https://doi.org/10.7910/DVN/KKPXOZ,1,1,2019-06-18 14:26:14+00:00,2019-06-18 14:26:14+00:00,614,614,56,True,NONE,True,True,0,0,citation,8,8,False,"application/dbf,application/pdf,application/vnd.ms-excel",0,0,0,8
doi:10.7910/DVN/RG6KUV,Numeric Data Services Dataverse,https://dataverse.harvard.edu/dataverse/nds,https://doi.org/10.7910/DVN/RG6KUV,1,1,2019-06-18 14:22:12+00:00,2019-06-18 14:22:12+00:00,614,614,56,True,NONE,True,True,0,0,citation,10,10,False,"application/dbf,application/pdf,application/vnd.ms-excel",0,0,0,10
doi:10.7910/DVN/DSNU7H,Numeric Data Services Dataverse,https://dataverse.harvard.edu/dataverse/nds,https://doi.org/10.7910/DVN/DSNU7H,1,1,2018-03-16 15:26:44+00:00,2018-03-16 15:26:44+00:00,1073,1073,78,True,NONE,True,True,0,0,citation,4,0,False,"application/dbf,application/octet-stream,application/pdf,text/plain",0,0,0,4
doi:10.7910/DVN/GN6XH1,Numeric Data Services Dataverse,https://dataverse.harvard.edu/dataverse/nds,https://doi.org/10.7910/DVN/GN6XH1,1,1,2018-03-16 16:10:18+00:00,2018-03-16 16:10:18+00:00,1073,1073,78,True,NONE,True,True,0,0,citation,3,3,False,"application/msword,application/octet-stream,application/vnd.ms-excel",0,0,0,3
doi:10.7910/DVN/GVVCCO,Numeric Data Services Dataverse,https://dataverse.harvard.edu/dataverse/nds,https://doi.org/10.7910/DVN/GVVCCO,1,1,2018-03-16 16:15:12+00:00,2018-03-16 16:15:12+00:00,1073,1073,78,True,NONE,True,True,0,0,citation,5,5,False,"application/msword,application/octet-stream,text/plain",0,0,0,5
doi:10.7910/DVN/RWTE3A,Numeric Data Services Dataverse,https://dataverse.harvard.edu/dataverse/nds,https://doi.org/10.7910/DVN/RWTE3A,1,1,2018-03-16 14:55:15+00:00,2018-03-16 14:55:15+00:00,1073,1073,78,True,NONE,True,True,0,0,citation,3,0,False,"application/msword,application/octet-stream,application/vnd.ms-excel",0,0,0,3
doi:10.7910/DVN/7GJXEN,Numeric Data Services Dataverse,https://dataverse.harvard.edu/dataverse/nds,https://doi.org/10.7910/DVN/7GJXEN,1,1,2018-03-16 16:11:57+00:00,2018-03-16 16:11:57+00:00,1073,1073,78,True,NONE,True,True,0,0,citation,3,3,False,"application/msword,application/octet-stream,text/plain",0,0,0,3
doi:10.7910/DVN/QZQS58,Numeric Data Services Dataverse,https://dataverse.harvard.edu/dataverse/nds,https://doi.org/10.7910/DVN/QZQS58,1,1,2007-11-28 00:00:00+00:00,2007-11-28 00:00:00+00:00,4835,4835,389,True,NONE,True,False,0,0,"citation,geospatial",3,0,True,"application/pdf,text/plain; charset=US-ASCII",1,0,1,3
doi:10.7910/DVN/SQE2K3,Numeric Data Services Dataverse,https://dataverse.harvard.edu/dataverse/nds,https://doi.org/10.7910/DVN/SQE2K3,2,1,2018-03-16 17:47:02+00:00,2019-02-06 20:39:21+00:00,1073,746,3381,True,NONE,True,False,0,0,citation,0,0,False,NA,0,0,0,0
doi:10.7910/DVN/EM4IZC,Numeric Data Services Dataverse,https://dataverse.harvard.edu/dataverse/nds,https://doi.org/10.7910/DVN/EM4IZC,1,1,2019-02-06 19:26:19+00:00,2019-02-06 19:26:19+00:00,746,746,78,True,NONE,True,True,0,0,citation,8,6,False,"application/octet-stream,application/pdf,application/vnd.ms-excel,text/plain,text/tab-separated-values",1,1,0,8
doi:10.7910/DVN/RB5GKX,Numeric Data Services Dataverse,https://dataverse.harvard.edu/dataverse/nds,https://doi.org/10.7910/DVN/RB5GKX,1,1,2007-11-28 00:00:00+00:00,2007-11-28 00:00:00+00:00,4835,4835,410,True,NONE,True,False,0,0,"citation,geospatial",3,0,True,"application/pdf,text/tab-separated-values",1,1,0,3
doi:10.7910/DVN/0AFPES,Numeric Data Services Dataverse,https://dataverse.harvard.edu/dataverse/nds,https://doi.org/10.7910/DVN/0AFPES,1,1,2019-06-18 14:19:57+00:00,2019-06-18 14:19:57+00:00,614,614,58,True,NONE,True,True,0,0,citation,8,8,False,"application/dbf,application/pdf,text/plain",0,0,0,8
doi:10.7910/DVN/JPD5X1,Numeric Data Services Dataverse,https://dataverse.harvard.edu/dataverse/nds,https://doi.org/10.7910/DVN/JPD5X1,1,1,2019-02-06 19:24:47+00:00,2019-02-06 19:24:47+00:00,746,746,78,True,NONE,True,True,0,0,citation,7,1,False,"application/octet-stream,application/pdf,application/vnd.ms-excel,text/plain",0,0,0,7
doi:10.7910/DVN/EQJLFJ,Numeric Data Services Dataverse,https://dataverse.harvard.edu/dataverse/nds,https://doi.org/10.7910/DVN/EQJLFJ,4,1,2011-04-18 00:00:00+00:00,2016-07-18 20:59:44+00:00,3598,1679,278,True,NONE,True,True,0,0,"citation,geospatial",1,0,True,application/vnd.ms-excel,0,0,0,1
doi:10.7910/DVN/UU6CHA,Numeric Data Services Dataverse,https://dataverse.harvard.edu/dataverse/nds,https://doi.org/10.7910/DVN/UU6CHA,3,1,2011-12-19 00:00:00+00:00,2016-07-18 20:58:56+00:00,3353,1679,392,True,NONE,True,True,0,0,citation,14,0,True,"application/msword,application/vnd.ms-excel,application/vnd.openxmlformats-officedocument.spreadsheetml.sheet",1,0,1,14
doi:10.7910/DVN/ZJWJWS,Numeric Data Services Dataverse,https://dataverse.harvard.edu/dataverse/nds,https://doi.org/10.7910/DVN/ZJWJWS,2,1,2008-06-09 00:00:00+00:00,2016-07-18 21:06:29+00:00,4641,1679,398,True,NONE,True,True,0,0,citation,11,0,True,"application/msword,application/octet-stream,application/vnd.ms-excel",0,0,0,11
doi:10.7910/DVN/28597,Numeric Data Services Dataverse,https://dataverse.harvard.edu/dataverse/nds,https://doi.org/10.7910/DVN/28597,3,1,2015-01-06 00:00:00+00:00,2016-07-18 20:54:20+00:00,2239,1679,392,True,NONE,True,True,0,0,citation,17,0,True,"application/msword,application/vnd.ms-excel,application/vnd.openxmlformats-officedocument.spreadsheetml.sheet",1,0,1,17
doi:10.7910/DVN/2HYQ1V,Numeric Data Services Dataverse,https://dataverse.harvard.edu/dataverse/nds,https://doi.org/10.7910/DVN/2HYQ1V,1,1,2008-02-12 00:00:00+00:00,2008-02-12 00:00:00+00:00,4759,4759,0,True,NONE,True,False,0,0,"citation,geospatial,socialscience",3,0,True,text/plain; charset=US-ASCII,0,0,0,3
doi:10.7910/DVN/COZPPK,Numeric Data Services Dataverse,https://dataverse.harvard.edu/dataverse/nds,https://doi.org/10.7910/DVN/COZPPK,1,1,2008-02-11 00:00:00+00:00,2008-02-11 00:00:00+00:00,4760,4760,0,True,NONE,True,False,0,0,citation,5,0,True,"application/msword,application/pdf,text/plain; charset=US-ASCII,text/tab-separated-values,text/x-spss-syntax; charset=US-ASCII",1,1,0,5
doi:10.7910/DVN/RIZN0X,Numeric Data Services Dataverse,https://dataverse.harvard.edu/dataverse/nds,https://doi.org/10.7910/DVN/RIZN0X,1,1,2008-02-12 00:00:00+00:00,2008-02-12 00:00:00+00:00,4759,4759,0,True,NONE,True,False,0,0,"citation,geospatial,socialscience",4,0,True,"text/plain; charset=US-ASCII,text/tab-separated-values",1,1,0,4
doi:10.7910/DVN/I9HOM7,Numeric Data Services Dataverse,https://dataverse.harvard.edu/dataverse/nds,https://doi.org/10.7910/DVN/I9HOM7,1,1,2008-02-08 00:00:00+00:00,2008-02-08 00:00:00+00:00,4763,4763,0,True,NONE,True,False,0,0,citation,3,0,True,text/plain; charset=US-ASCII,0,0,0,3
doi:10.7910/DVN/TEVCRZ,Numeric Data Services Dataverse,https://dataverse.harvard.edu/dataverse/nds,https://doi.org/10.7910/DVN/TEVCRZ,1,1,2008-02-08 00:00:00+00:00,2008-02-08 00:00:00+00:00,4763,4763,0,True,NONE,True,False,0,0,citation,3,0,True,text/plain; charset=US-ASCII,0,0,0,3
doi:10.7910/DVN/XNDQRB,Numeric Data Services Dataverse,https://dataverse.harvard.edu/dataverse/nds,https://doi.org/10.7910/DVN/XNDQRB,1,1,2008-02-12 00:00:00+00:00,2008-02-12 00:00:00+00:00,4759,4759,0,True,NONE,True,False,0,0,"citation,geospatial,socialscience",5,0,True,"application/msword,application/pdf,text/plain; charset=US-ASCII,text/tab-separated-values,text/x-spss-syntax; charset=US-ASCII",1,1,0,5
doi:10.7910/DVN/TJYOMH,Numeric Data Services Dataverse,https://dataverse.harvard.edu/dataverse/nds,https://doi.org/10.7910/DVN/TJYOMH,1,1,2008-02-08 00:00:00+00:00,2008-02-08 00:00:00+00:00,4763,4763,0,True,NONE,True,False,0,0,citation,3,0,True,text/plain; charset=US-ASCII,0,0,0,3
doi:10.7910/DVN/NVEM8Q,Numeric Data Services Dataverse,https://dataverse.harvard.edu/dataverse/nds,https://doi.org/10.7910/DVN/NVEM8Q,1,1,2008-02-12 00:00:00+00:00,2008-02-12 00:00:00+00:00,4759,4759,0,True,NONE,True,False,0,0,"citation,geospatial,socialscience",5,0,True,"application/msword,application/pdf,text/plain; charset=US-ASCII,text/tab-separated-values,text/x-spss-syntax; charset=US-ASCII",1,1,0,5
doi:10.7910/DVN/ADXSGZ,Numeric Data Services Dataverse,https://dataverse.harvard.edu/dataverse/nds,https://doi.org/10.7910/DVN/ADXSGZ,1,1,2008-02-08 00:00:00+00:00,2008-02-08 00:00:00+00:00,4763,4763,0,True,NONE,True,False,0,0,citation,3,0,True,text/plain; charset=US-ASCII,0,0,0,3
doi:10.7910/DVN/DYPUVE,Numeric Data Services Dataverse,https://dataverse.harvard.edu/dataverse/nds,https://doi.org/10.7910/DVN/DYPUVE,1,1,2008-02-12 00:00:00+00:00,2008-02-12 00:00:00+00:00,4759,4759,0,True,NONE,True,False,0,0,"citation,geospatial,socialscience",5,0,True,"application/msword,application/pdf,text/plain; charset=US-ASCII,text/tab-separated-values,text/x-spss-syntax; charset=US-ASCII",1,1,0,5
doi:10.7910/DVN/T5HJJ3,Numeric Data Services Dataverse,https://dataverse.harvard.edu/dataverse/nds,https://doi.org/10.7910/DVN/T5HJJ3,1,1,2008-02-12 00:00:00+00:00,2008-02-12 00:00:00+00:00,4759,4759,0,True,NONE,True,False,0,0,"citation,geospatial,socialscience",5,0,True,"application/msword,application/pdf,text/plain; charset=US-ASCII,text/tab-separated-values,text/x-spss-syntax; charset=US-ASCII",1,1,0,5
doi:10.7910/DVN/NQ3DOX,Numeric Data Services Dataverse,https://dataverse.harvard.edu/dataverse/nds,https://doi.org/10.7910/DVN/NQ3DOX,1,1,2008-02-12 00:00:00+00:00,2008-02-12 00:00:00+00:00,4759,4759,0,True,NONE,True,False,0,0,"citation,geospatial,socialscience",5,0,True,"application/msword,application/pdf,text/plain; charset=US-ASCII,text/tab-separated-values,text/x-spss-syntax; charset=US-ASCII",1,1,0,5
doi:10.7910/DVN/ZRXSFK,Numeric Data Services Dataverse,https://dataverse.harvard.edu/dataverse/nds,https://doi.org/10.7910/DVN/ZRXSFK,1,1,2008-02-05 00:00:00+00:00,2008-02-05 00:00:00+00:00,4766,4766,0,True,NONE,True,False,0,0,"citation,geospatial,socialscience",3,0,True,text/plain; charset=US-ASCII,0,0,0,3
doi:10.7910/DVN/JI2FBH,Numeric Data Services Dataverse,https://dataverse.harvard.edu/dataverse/nds,https://doi.org/10.7910/DVN/JI2FBH,1,1,2008-02-05 00:00:00+00:00,2008-02-05 00:00:00+00:00,4766,4766,0,True,NONE,True,False,0,0,"citation,geospatial,socialscience",3,0,True,text/plain; charset=US-ASCII,0,0,0,3
doi:10.7910/DVN/EOLJWY,Numeric Data Services Dataverse,https://dataverse.harvard.edu/dataverse/nds,https://doi.org/10.7910/DVN/EOLJWY,1,1,2008-02-05 00:00:00+00:00,2008-02-05 00:00:00+00:00,4766,4766,0,True,NONE,True,False,0,0,"citation,geospatial",3,0,True,text/plain; charset=US-ASCII,0,0,0,3
doi:10.7910/DVN/IXMCLO,Numeric Data Services Dataverse,https://dataverse.harvard.edu/dataverse/nds,https://doi.org/10.7910/DVN/IXMCLO,1,1,2008-02-05 00:00:00+00:00,2008-02-05 00:00:00+00:00,4766,4766,0,True,NONE,True,False,0,0,"citation,geospatial",3,0,True,text/plain; charset=US-ASCII,0,0,0,3
doi:10.7910/DVN/9KDOZ1,Numeric Data Services Dataverse,https://dataverse.harvard.edu/dataverse/nds,https://doi.org/10.7910/DVN/9KDOZ1,1,1,2008-02-12 00:00:00+00:00,2008-02-12 00:00:00+00:00,4759,4759,0,True,NONE,True,False,0,0,"citation,geospatial,socialscience",3,0,True,text/plain; charset=US-ASCII,0,0,0,3
doi:10.7910/DVN/WPXB2U,Numeric Data Services Dataverse,https://dataverse.harvard.edu/dataverse/nds,https://doi.org/10.7910/DVN/WPXB2U,1,1,2007-11-28 00:00:00+00:00,2007-11-28 00:00:00+00:00,4835,4835,376,True,NONE,True,False,0,0,"citation,geospatial",2,0,True,"application/pdf,text/tab-separated-values",1,1,0,2
doi:10.7910/DVN/AADFE9,Numeric Data Services Dataverse,https://dataverse.harvard.edu/dataverse/nds,https://doi.org/10.7910/DVN/AADFE9,2,1,2019-02-06 19:25:14+00:00,2019-02-06 20:41:45+00:00,746,746,78,True,NONE,True,True,0,0,citation,5,1,False,"application/octet-stream,application/pdf,application/vnd.ms-excel",0,0,0,5
doi:10.7910/DVN/DJNSIJ,Numeric Data Services Dataverse,https://dataverse.harvard.edu/dataverse/nds,https://doi.org/10.7910/DVN/DJNSIJ,1,1,2007-11-28 00:00:00+00:00,2007-11-28 00:00:00+00:00,4835,4835,499,True,NONE,True,False,0,0,"citation,geospatial",2,0,True,"application/pdf,text/tab-separated-values",1,1,0,2
doi:10.7910/DVN/9YFURW,Numeric Data Services Dataverse,https://dataverse.harvard.edu/dataverse/nds,https://doi.org/10.7910/DVN/9YFURW,1,1,2007-11-28 00:00:00+00:00,2007-11-28 00:00:00+00:00,4835,4835,357,True,NONE,True,False,0,0,citation,51,0,True,text/plain; charset=US-ASCII,0,0,0,51
doi:10.7910/DVN/W0OFM6,Numeric Data Services Dataverse,https://dataverse.harvard.edu/dataverse/nds,https://doi.org/10.7910/DVN/W0OFM6,1,1,2007-11-28 00:00:00+00:00,2007-11-28 00:00:00+00:00,4835,4835,1245,True,NONE,True,False,0,0,citation,1,0,True,application/octet-stream,0,0,0,1
doi:10.7910/DVN/21KE3C,Numeric Data Services Dataverse,https://dataverse.harvard.edu/dataverse/nds,https://doi.org/10.7910/DVN/21KE3C,1,1,2018-03-15 18:05:49+00:00,2018-03-15 18:05:49+00:00,1074,1074,78,True,NONE,True,True,0,0,citation,5,0,False,"application/octet-stream,application/pdf,application/vnd.ms-excel",0,0,0,5
doi:10.7910/DVN/IWR3OJ,Numeric Data Services Dataverse,https://dataverse.harvard.edu/dataverse/nds,https://doi.org/10.7910/DVN/IWR3OJ,1,1,2018-03-16 14:42:58+00:00,2018-03-16 14:42:58+00:00,1073,1073,78,True,NONE,True,True,0,0,citation,3,3,False,"application/msword,application/octet-stream,application/vnd.ms-excel",0,0,0,3
doi:10.7910/DVN/P81WOK,Numeric Data Services Dataverse,https://dataverse.harvard.edu/dataverse/nds,https://doi.org/10.7910/DVN/P81WOK,1,1,2019-06-17 18:47:40+00:00,2019-06-17 18:47:40+00:00,615,615,50,True,NONE,True,True,0,0,citation,6,6,False,"application/dbf,application/msword,application/vnd.ms-excel",0,0,0,6
doi:10.7910/DVN/XMVTP5,Numeric Data Services Dataverse,https://dataverse.harvard.edu/dataverse/nds,https://doi.org/10.7910/DVN/XMVTP5,1,1,2019-06-17 18:53:08+00:00,2019-06-17 18:53:08+00:00,615,615,50,True,NONE,True,True,0,0,citation,4,4,False,"application/dbf,application/msword,application/vnd.ms-excel",0,0,0,4
doi:10.7910/DVN/DCNQYS,Numeric Data Services Dataverse,https://dataverse.harvard.edu/dataverse/nds,https://doi.org/10.7910/DVN/DCNQYS,1,1,2019-08-28 18:48:12+00:00,2019-08-28 18:48:12+00:00,543,543,603,True,NONE,True,True,0,0,citation,0,0,False,NA,0,0,0,0
doi:10.7910/DVN/CQU4C5,Numeric Data Services Dataverse,https://dataverse.harvard.edu/dataverse/nds,https://doi.org/10.7910/DVN/CQU4C5,1,1,2019-08-28 18:26:18+00:00,2019-08-28 18:26:18+00:00,543,543,194,True,NONE,True,True,0,0,citation,6,3,False,"application/pdf,application/vnd.ms-excel,text/plain",0,0,0,6
doi:10.7910/DVN/S1B7MG,Numeric Data Services Dataverse,https://dataverse.harvard.edu/dataverse/nds,https://doi.org/10.7910/DVN/S1B7MG,1,1,2019-08-28 18:28:25+00:00,2019-08-28 18:28:25+00:00,543,543,194,True,NONE,True,True,0,0,citation,6,3,False,"application/pdf,application/vnd.ms-excel,text/plain",0,0,0,6
doi:10.7910/DVN/N3MEIL,Numeric Data Services Dataverse,https://dataverse.harvard.edu/dataverse/nds,https://doi.org/10.7910/DVN/N3MEIL,1,1,2019-08-28 18:24:16+00:00,2019-08-28 18:24:16+00:00,543,543,194,True,NONE,True,True,0,0,citation,6,3,False,"application/pdf,application/vnd.ms-excel,text/plain",0,0,0,6
doi:10.7910/DVN/ZAZZB7,Numeric Data Services Dataverse,https://dataverse.harvard.edu/dataverse/nds,https://doi.org/10.7910/DVN/ZAZZB7,1,1,2019-08-28 18:01:54+00:00,2019-08-28 18:01:54+00:00,543,543,194,True,NONE,True,True,0,0,citation,6,3,False,"application/pdf,application/vnd.ms-excel,text/plain",0,0,0,6
doi:10.7910/DVN/V8HXYF,Numeric Data Services Dataverse,https://dataverse.harvard.edu/dataverse/nds,https://doi.org/10.7910/DVN/V8HXYF,1,1,2019-08-28 18:03:40+00:00,2019-08-28 18:03:40+00:00,543,543,194,True,NONE,True,True,0,0,citation,8,8,False,"application/msword,application/pdf,application/vnd.ms-excel,text/tab-separated-values",2,2,0,8
doi:10.7910/DVN/4ZPZC0,Numeric Data Services Dataverse,https://dataverse.harvard.edu/dataverse/nds,https://doi.org/10.7910/DVN/4ZPZC0,1,1,2019-08-28 18:06:33+00:00,2019-08-28 18:06:33+00:00,543,543,194,True,NONE,True,True,0,0,citation,10,10,False,"application/msword,application/pdf,application/vnd.ms-excel,text/html,text/plain,text/x-fixed-field",0,0,0,10
doi:10.7910/DVN/VBSWZK,Numeric Data Services Dataverse,https://dataverse.harvard.edu/dataverse/nds,https://doi.org/10.7910/DVN/VBSWZK,1,1,2019-08-28 18:07:52+00:00,2019-08-28 18:07:52+00:00,543,543,194,True,NONE,True,True,0,0,citation,6,3,False,"application/pdf,application/vnd.ms-excel,text/plain",0,0,0,6
doi:10.7910/DVN/YJCLHR,Numeric Data Services Dataverse,https://dataverse.harvard.edu/dataverse/nds,https://doi.org/10.7910/DVN/YJCLHR,3,1,2010-06-29 00:00:00+00:00,2016-07-18 21:00:29+00:00,3891,1679,431,True,NONE,True,True,0,0,"citation,geospatial",2,0,True,application/vnd.ms-excel,0,0,0,2
doi:10.7910/DVN/YL1UTT,Numeric Data Services Dataverse,https://dataverse.harvard.edu/dataverse/nds,https://doi.org/10.7910/DVN/YL1UTT,1,1,2008-02-12 00:00:00+00:00,2008-02-12 00:00:00+00:00,4759,4759,0,True,NONE,True,False,0,0,"citation,geospatial,socialscience",3,0,True,"application/msword,text/plain; charset=US-ASCII",0,0,0,3
doi:10.7910/DVN/1RTRNL,Numeric Data Services Dataverse,https://dataverse.harvard.edu/dataverse/nds,https://doi.org/10.7910/DVN/1RTRNL,2,1,2007-11-28 00:00:00+00:00,2015-06-23 14:57:35+00:00,4835,2070,696,True,NONE,True,True,0,0,"citation,geospatial",63,0,True,"application/msword,application/pdf,text/tab-separated-values,text/x-spss-syntax; charset=US-ASCII",7,7,0,56
doi:10.7910/DVN/LAHCME,Numeric Data Services Dataverse,https://dataverse.harvard.edu/dataverse/nds,https://doi.org/10.7910/DVN/LAHCME,1,1,2019-06-17 19:15:13+00:00,2019-06-17 19:15:13+00:00,615,615,50,True,NONE,True,True,0,0,citation,4,4,False,"application/dbf,application/pdf,application/vnd.ms-excel",0,0,0,4
doi:10.7910/DVN/ZLYUBR,Numeric Data Services Dataverse,https://dataverse.harvard.edu/dataverse/nds,https://doi.org/10.7910/DVN/ZLYUBR,1,1,2008-02-08 00:00:00+00:00,2008-02-08 00:00:00+00:00,4763,4763,0,True,NONE,True,False,0,0,citation,3,0,True,text/plain; charset=US-ASCII,0,0,0,3
doi:10.7910/DVN/WWQSFR,Numeric Data Services Dataverse,https://dataverse.harvard.edu/dataverse/nds,https://doi.org/10.7910/DVN/WWQSFR,1,1,2008-02-08 00:00:00+00:00,2008-02-08 00:00:00+00:00,4763,4763,0,True,NONE,True,False,0,0,citation,3,0,True,text/plain; charset=US-ASCII,0,0,0,3
doi:10.7910/DVN/9SFFSG,Numeric Data Services Dataverse,https://dataverse.harvard.edu/dataverse/nds,https://doi.org/10.7910/DVN/9SFFSG,1,1,2008-02-08 00:00:00+00:00,2008-02-08 00:00:00+00:00,4763,4763,0,True,NONE,True,False,0,0,citation,3,0,True,text/plain; charset=US-ASCII,0,0,0,3
doi:10.7910/DVN/XOTAYW,Numeric Data Services Dataverse,https://dataverse.harvard.edu/dataverse/nds,https://doi.org/10.7910/DVN/XOTAYW,3,1,2007-11-28 00:00:00+00:00,2016-07-19 14:45:24+00:00,4835,1678,163,True,NONE,True,True,0,0,"citation,geospatial",84,0,True,"application/msword,application/pdf,application/rar,text/tab-separated-values,text/x-spss-syntax; charset=US-ASCII",8,8,0,82
doi:10.7910/DVN/TUL1X4,Numeric Data Services Dataverse,https://dataverse.harvard.edu/dataverse/nds,https://doi.org/10.7910/DVN/TUL1X4,1,1,2008-02-08 00:00:00+00:00,2008-02-08 00:00:00+00:00,4763,4763,0,True,NONE,True,False,0,0,citation,3,0,True,text/plain; charset=US-ASCII,0,0,0,3
doi:10.7910/DVN/2OV6AX,Numeric Data Services Dataverse,https://dataverse.harvard.edu/dataverse/nds,https://doi.org/10.7910/DVN/2OV6AX,1,1,2008-02-11 00:00:00+00:00,2008-02-11 00:00:00+00:00,4760,4760,0,True,NONE,True,False,0,0,citation,5,0,True,"application/msword,application/pdf,text/plain; charset=US-ASCII,text/tab-separated-values,text/x-spss-syntax; charset=US-ASCII",1,1,0,5
doi:10.7910/DVN/BPJ4N9,Numeric Data Services Dataverse,https://dataverse.harvard.edu/dataverse/nds,https://doi.org/10.7910/DVN/BPJ4N9,1,1,2008-02-12 00:00:00+00:00,2008-02-12 00:00:00+00:00,4759,4759,0,True,NONE,True,False,0,0,"citation,geospatial,socialscience",4,0,True,"application/pdf,text/plain; charset=US-ASCII,text/tab-separated-values,text/x-spss-syntax; charset=US-ASCII",1,1,0,4
doi:10.7910/DVN/YTA29F,Numeric Data Services Dataverse,https://dataverse.harvard.edu/dataverse/nds,https://doi.org/10.7910/DVN/YTA29F,1,1,2008-02-08 00:00:00+00:00,2008-02-08 00:00:00+00:00,4763,4763,0,True,NONE,True,False,0,0,citation,3,0,True,text/plain; charset=US-ASCII,0,0,0,3
doi:10.7910/DVN/PQXXC7,Numeric Data Services Dataverse,https://dataverse.harvard.edu/dataverse/nds,https://doi.org/10.7910/DVN/PQXXC7,1,1,2008-02-12 00:00:00+00:00,2008-02-12 00:00:00+00:00,4759,4759,0,True,NONE,True,False,0,0,"citation,geospatial,socialscience",5,0,True,"application/msword,application/pdf,text/plain; charset=US-ASCII,text/tab-separated-values,text/x-spss-syntax; charset=US-ASCII",1,1,0,5
doi:10.7910/DVN/9PNX49,Numeric Data Services Dataverse,https://dataverse.harvard.edu/dataverse/nds,https://doi.org/10.7910/DVN/9PNX49,1,1,2019-06-17 19:06:09+00:00,2019-06-17 19:06:09+00:00,615,615,50,True,NONE,True,True,0,0,citation,6,6,False,"application/dbf,application/msword,application/vnd.ms-excel,text/plain",0,0,0,6
doi:10.7910/DVN/AEPWMN,Numeric Data Services Dataverse,https://dataverse.harvard.edu/dataverse/nds,https://doi.org/10.7910/DVN/AEPWMN,1,1,2018-03-15 18:57:23+00:00,2018-03-15 18:57:23+00:00,1074,1074,78,True,NONE,True,True,0,0,citation,3,0,False,"application/dbf,application/msword,application/vnd.ms-excel",0,0,0,3
doi:10.7910/DVN/ATT1FV,Numeric Data Services Dataverse,https://dataverse.harvard.edu/dataverse/nds,https://doi.org/10.7910/DVN/ATT1FV,1,1,2018-03-16 16:13:29+00:00,2018-03-16 16:13:29+00:00,1073,1073,78,True,NONE,True,True,0,0,citation,4,4,False,"application/dbf,application/msword,application/pdf,text/plain",0,0,0,4
doi:10.7910/DVN/BGNNTJ,Numeric Data Services Dataverse,https://dataverse.harvard.edu/dataverse/nds,https://doi.org/10.7910/DVN/BGNNTJ,1,1,2019-06-14 20:07:53+00:00,2019-06-14 20:07:53+00:00,618,618,50,True,NONE,True,True,0,0,citation,5,5,False,"application/dbf,application/msword,application/vnd.ms-excel",0,0,0,5
doi:10.7910/DVN/CVEND9,Numeric Data Services Dataverse,https://dataverse.harvard.edu/dataverse/nds,https://doi.org/10.7910/DVN/CVEND9,1,1,2019-06-18 19:41:12+00:00,2019-06-18 19:41:12+00:00,614,614,50,True,NONE,True,True,0,0,citation,14,14,False,"application/dbf,application/pdf,application/vnd.ms-excel",0,0,0,14
doi:10.7910/DVN/DJDQF9,Numeric Data Services Dataverse,https://dataverse.harvard.edu/dataverse/nds,https://doi.org/10.7910/DVN/DJDQF9,1,1,2018-03-16 15:02:12+00:00,2018-03-16 15:02:12+00:00,1073,1073,78,True,NONE,True,True,0,0,citation,4,0,False,"application/dbf,application/msword,application/vnd.ms-excel,text/plain; charset=US-ASCII",0,0,0,4
doi:10.7910/DVN/DOLVX4,Numeric Data Services Dataverse,https://dataverse.harvard.edu/dataverse/nds,https://doi.org/10.7910/DVN/DOLVX4,1,1,2018-03-16 15:22:59+00:00,2018-03-16 15:22:59+00:00,1073,1073,78,True,NONE,True,True,0,0,citation,3,0,False,"application/dbf,application/msword,text/plain",0,0,0,3
doi:10.7910/DVN/EFRF6A,Numeric Data Services Dataverse,https://dataverse.harvard.edu/dataverse/nds,https://doi.org/10.7910/DVN/EFRF6A,1,1,2019-06-17 20:06:13+00:00,2019-06-17 20:06:13+00:00,615,615,50,True,NONE,True,True,0,0,citation,6,6,False,"application/dbf,application/pdf,application/vnd.ms-excel",0,0,0,6
doi:10.7910/DVN/EK456H,Numeric Data Services Dataverse,https://dataverse.harvard.edu/dataverse/nds,https://doi.org/10.7910/DVN/EK456H,1,1,2019-06-17 19:47:54+00:00,2019-06-17 19:47:54+00:00,615,615,50,True,NONE,True,True,0,0,citation,4,4,False,"application/dbf,application/pdf,application/vnd.ms-excel",0,0,0,4
doi:10.7910/DVN/FXEBSU,Numeric Data Services Dataverse,https://dataverse.harvard.edu/dataverse/nds,https://doi.org/10.7910/DVN/FXEBSU,1,1,2019-06-17 18:51:41+00:00,2019-06-17 18:51:41+00:00,615,615,50,True,NONE,True,True,0,0,citation,4,4,False,"application/dbf,application/msword,application/vnd.ms-excel",0,0,0,4
doi:10.7910/DVN/GAOC03,Numeric Data Services Dataverse,https://dataverse.harvard.edu/dataverse/nds,https://doi.org/10.7910/DVN/GAOC03,1,1,2018-03-16 17:26:40+00:00,2018-03-16 17:26:40+00:00,1073,1073,82,True,NONE,True,True,0,0,citation,5,5,False,"application/dbf,application/msword,application/pdf",0,0,0,5
doi:10.7910/DVN/GFDYI6,Numeric Data Services Dataverse,https://dataverse.harvard.edu/dataverse/nds,https://doi.org/10.7910/DVN/GFDYI6,1,1,2018-03-16 15:24:47+00:00,2018-03-16 15:24:47+00:00,1073,1073,78,True,NONE,True,True,0,0,citation,3,0,False,"application/dbf,application/msword,application/vnd.ms-excel",0,0,0,3
doi:10.7910/DVN/ISIZMZ,Numeric Data Services Dataverse,https://dataverse.harvard.edu/dataverse/nds,https://doi.org/10.7910/DVN/ISIZMZ,1,1,2019-06-17 18:43:30+00:00,2019-06-17 18:43:30+00:00,615,615,50,True,NONE,True,True,0,0,citation,4,4,False,"application/dbf,application/msword,application/vnd.ms-excel",0,0,0,4
doi:10.7910/DVN/OMYEAC,Numeric Data Services Dataverse,https://dataverse.harvard.edu/dataverse/nds,https://doi.org/10.7910/DVN/OMYEAC,1,1,2018-03-15 19:04:39+00:00,2018-03-15 19:04:39+00:00,1074,1074,78,True,NONE,True,True,0,0,citation,2,0,False,"application/dbf,application/msword",0,0,0,2
doi:10.7910/DVN/OYSIWV,Numeric Data Services Dataverse,https://dataverse.harvard.edu/dataverse/nds,https://doi.org/10.7910/DVN/OYSIWV,1,1,2019-06-17 19:08:49+00:00,2019-06-17 19:08:49+00:00,615,615,50,True,NONE,True,True,0,0,citation,12,12,False,"application/dbf,application/pdf,application/vnd.ms-excel,text/plain",0,0,0,12
doi:10.7910/DVN/R4M2JA,Numeric Data Services Dataverse,https://dataverse.harvard.edu/dataverse/nds,https://doi.org/10.7910/DVN/R4M2JA,1,1,2018-03-16 17:46:00+00:00,2018-03-16 17:46:00+00:00,1073,1073,78,True,NONE,True,True,0,0,citation,6,6,False,"application/dbf,application/pdf,application/vnd.ms-excel",0,0,0,6
doi:10.7910/DVN/RGOPKS,Numeric Data Services Dataverse,https://dataverse.harvard.edu/dataverse/nds,https://doi.org/10.7910/DVN/RGOPKS,1,1,2019-06-17 18:45:06+00:00,2019-06-17 18:45:06+00:00,615,615,50,True,NONE,True,True,0,0,citation,4,4,False,"application/dbf,application/msword,application/vnd.ms-excel",0,0,0,4
doi:10.7910/DVN/PUZOTH,Numeric Data Services Dataverse,https://dataverse.harvard.edu/dataverse/nds,https://doi.org/10.7910/DVN/PUZOTH,1,1,2019-06-17 19:13:02+00:00,2019-06-17 19:13:02+00:00,615,615,50,True,NONE,True,True,0,0,citation,6,6,False,"application/dbf,application/pdf,application/vnd.ms-excel,text/tab-separated-values",1,1,0,6
doi:10.7910/DVN/AGIK57,Numeric Data Services Dataverse,https://dataverse.harvard.edu/dataverse/nds,https://doi.org/10.7910/DVN/AGIK57,1,1,2018-03-16 16:08:28+00:00,2018-03-16 16:08:28+00:00,1073,1073,78,True,NONE,True,True,0,0,citation,2,0,False,"application/dbf,text/plain",0,0,0,2
doi:10.7910/DVN/K9JRXI,Numeric Data Services Dataverse,https://dataverse.harvard.edu/dataverse/nds,https://doi.org/10.7910/DVN/K9JRXI,1,1,2007-11-28 00:00:00+00:00,2007-11-28 00:00:00+00:00,4835,4835,376,True,NONE,True,False,0,0,"citation,geospatial",3,0,True,"application/pdf,text/tab-separated-values",1,1,0,3
doi:10.7910/DVN/SW0UBV,Numeric Data Services Dataverse,https://dataverse.harvard.edu/dataverse/nds,https://doi.org/10.7910/DVN/SW0UBV,1,1,2008-02-08 00:00:00+00:00,2008-02-08 00:00:00+00:00,4763,4763,0,True,NONE,True,False,0,0,citation,3,0,True,text/plain; charset=US-ASCII,0,0,0,3
doi:10.7910/DVN/QMDR9B,Numeric Data Services Dataverse,https://dataverse.harvard.edu/dataverse/nds,https://doi.org/10.7910/DVN/QMDR9B,1,1,2008-02-08 00:00:00+00:00,2008-02-08 00:00:00+00:00,4763,4763,0,True,NONE,True,False,0,0,citation,3,0,True,"text/plain; charset=US-ASCII,text/x-spss-syntax; charset=US-ASCII",0,0,0,3
doi:10.7910/DVN/EFVNSW,Numeric Data Services Dataverse,https://dataverse.harvard.edu/dataverse/nds,https://doi.org/10.7910/DVN/EFVNSW,1,1,2008-02-08 00:00:00+00:00,2008-02-08 00:00:00+00:00,4763,4763,0,True,NONE,True,False,0,0,citation,3,0,True,text/plain; charset=US-ASCII,0,0,0,3
doi:10.7910/DVN/JIRNTA,Numeric Data Services Dataverse,https://dataverse.harvard.edu/dataverse/nds,https://doi.org/10.7910/DVN/JIRNTA,1,1,2007-11-28 00:00:00+00:00,2007-11-28 00:00:00+00:00,4835,4835,48,True,NONE,True,False,0,0,citation,4,0,True,"application/pdf,application/zip,text/tab-separated-values",1,1,0,4
doi:10.7910/DVN/12TVW1,Numeric Data Services Dataverse,https://dataverse.harvard.edu/dataverse/nds,https://doi.org/10.7910/DVN/12TVW1,1,1,2019-06-17 20:08:33+00:00,2019-06-17 20:08:33+00:00,615,615,50,True,NONE,True,True,0,0,citation,4,4,False,"application/dbf,application/pdf,application/vnd.ms-excel",0,0,0,4
doi:10.7910/DVN/CXL1JN,Numeric Data Services Dataverse,https://dataverse.harvard.edu/dataverse/nds,https://doi.org/10.7910/DVN/CXL1JN,1,1,2018-03-16 14:52:13+00:00,2018-03-16 14:52:13+00:00,1073,1073,78,True,NONE,True,True,0,0,citation,4,0,False,"application/msword,application/octet-stream,application/vnd.ms-excel",0,0,0,4
doi:10.7910/DVN/BAENZ7,Numeric Data Services Dataverse,https://dataverse.harvard.edu/dataverse/nds,https://doi.org/10.7910/DVN/BAENZ7,1,1,2008-02-05 00:00:00+00:00,2008-02-05 00:00:00+00:00,4766,4766,0,True,NONE,True,False,0,0,"citation,geospatial,socialscience",3,0,True,text/plain; charset=US-ASCII,0,0,0,3
doi:10.7910/DVN/U9MM9H,Numeric Data Services Dataverse,https://dataverse.harvard.edu/dataverse/nds,https://doi.org/10.7910/DVN/U9MM9H,1,1,2007-11-28 00:00:00+00:00,2007-11-28 00:00:00+00:00,4835,4835,376,True,NONE,True,False,0,0,"citation,geospatial",3,0,True,"application/pdf,text/plain; charset=US-ASCII",0,0,0,3
doi:10.7910/DVN/XJZ1SD,Numeric Data Services Dataverse,https://dataverse.harvard.edu/dataverse/nds,https://doi.org/10.7910/DVN/XJZ1SD,1,1,2018-03-15 18:11:36+00:00,2018-03-15 18:11:36+00:00,1074,1074,78,True,NONE,True,True,0,0,citation,3,0,False,"application/vnd.ms-excel,text/plain; charset=US-ASCII",0,0,0,3
doi:10.7910/DVN/GTUSZ7,Numeric Data Services Dataverse,https://dataverse.harvard.edu/dataverse/nds,https://doi.org/10.7910/DVN/GTUSZ7,1,1,2008-02-08 00:00:00+00:00,2008-02-08 00:00:00+00:00,4763,4763,0,True,NONE,True,False,0,0,citation,3,0,True,text/plain; charset=US-ASCII,0,0,0,3
doi:10.7910/DVN/ZAGXO1,Numeric Data Services Dataverse,https://dataverse.harvard.edu/dataverse/nds,https://doi.org/10.7910/DVN/ZAGXO1,2,1,2008-12-12 00:00:00+00:00,2016-07-18 21:02:59+00:00,4455,1679,372,True,NONE,True,True,1,0,"citation,geospatial",3,0,True,"application/pdf,text/plain; charset=US-ASCII",0,0,0,0
doi:10.7910/DVN/EARQIG,Numeric Data Services Dataverse,https://dataverse.harvard.edu/dataverse/nds,https://doi.org/10.7910/DVN/EARQIG,3,1,2008-06-02 00:00:00+00:00,2016-07-18 21:08:36+00:00,4648,1679,1410,True,NONE,True,True,0,0,citation,5,0,True,"application/msword,application/vnd.ms-excel",0,0,0,5
doi:10.7910/DVN/JWWZUP,LAPOP - Latin American Public Opinion Project (Vanderbilt University) Harvard Library Collection,https://dataverse.harvard.edu/dataverse/lapop,https://doi.org/10.7910/DVN/JWWZUP,1,1,2017-08-22 17:15:37+00:00,2017-08-22 17:15:37+00:00,1279,1279,186,True,NONE,True,True,0,0,citation,13,0,False,"application/pdf,text/tab-separated-values,text/x-fixed-field,text/x-sas-syntax",4,4,0,13
doi:10.7910/DVN/DNLCIE,LAPOP - Latin American Public Opinion Project (Vanderbilt University) Harvard Library Collection,https://dataverse.harvard.edu/dataverse/lapop,https://doi.org/10.7910/DVN/DNLCIE,1,1,2017-08-22 16:39:41+00:00,2017-08-22 16:39:41+00:00,1279,1279,186,True,NONE,True,True,0,0,citation,27,0,False,"application/pdf,text/tab-separated-values,text/x-fixed-field,text/x-sas-syntax",8,8,0,27
doi:10.7910/DVN/RW6IFV,LAPOP - Latin American Public Opinion Project (Vanderbilt University) Harvard Library Collection,https://dataverse.harvard.edu/dataverse/lapop,https://doi.org/10.7910/DVN/RW6IFV,1,1,2017-08-22 16:36:16+00:00,2017-08-22 16:36:16+00:00,1279,1279,193,True,NONE,True,True,0,0,citation,28,0,False,"application/pdf,text/tab-separated-values,text/x-fixed-field,text/x-sas-syntax",8,8,0,28
doi:10.7910/DVN/4D2VT3,LAPOP - Latin American Public Opinion Project (Vanderbilt University) Harvard Library Collection,https://dataverse.harvard.edu/dataverse/lapop,https://doi.org/10.7910/DVN/4D2VT3,1,1,2017-08-22 17:12:53+00:00,2017-08-22 17:12:53+00:00,1279,1279,178,True,NONE,True,True,0,0,citation,6,0,False,"application/pdf,text/tab-separated-values,text/x-fixed-field,text/x-sas-syntax",2,2,0,6
doi:10.7910/DVN/UM7PCZ,LAPOP - Latin American Public Opinion Project (Vanderbilt University) Harvard Library Collection,https://dataverse.harvard.edu/dataverse/lapop,https://doi.org/10.7910/DVN/UM7PCZ,1,1,2017-08-22 17:10:45+00:00,2017-08-22 17:10:45+00:00,1279,1279,181,True,NONE,True,True,0,0,citation,6,0,False,"application/pdf,text/tab-separated-values,text/x-fixed-field,text/x-sas-syntax",2,2,0,6
doi:10.7910/DVN/GG5QRW,LAPOP - Latin American Public Opinion Project (Vanderbilt University) Harvard Library Collection,https://dataverse.harvard.edu/dataverse/lapop,https://doi.org/10.7910/DVN/GG5QRW,1,1,2017-08-22 16:08:47+00:00,2017-08-22 16:08:47+00:00,1279,1279,191,True,NONE,True,True,0,0,citation,31,0,False,"application/pdf,text/tab-separated-values,text/x-fixed-field,text/x-sas-syntax",8,8,0,31
doi:10.7910/DVN/VE26RV,LAPOP - Latin American Public Opinion Project (Vanderbilt University) Harvard Library Collection,https://dataverse.harvard.edu/dataverse/lapop,https://doi.org/10.7910/DVN/VE26RV,1,1,2017-08-22 16:42:54+00:00,2017-08-22 16:42:54+00:00,1279,1279,188,True,NONE,True,True,0,0,citation,22,0,False,"application/pdf,application/x-sas-syntax,text/tab-separated-values,text/x-fixed-field,text/x-sas-syntax",6,6,0,22
doi:10.7910/DVN/GGNV6F,LAPOP - Latin American Public Opinion Project (Vanderbilt University) Harvard Library Collection,https://dataverse.harvard.edu/dataverse/lapop,https://doi.org/10.7910/DVN/GGNV6F,1,1,2017-08-22 16:13:18+00:00,2017-08-22 16:13:18+00:00,1279,1279,200,True,NONE,True,True,0,0,citation,39,0,False,"application/pdf,text/tab-separated-values,text/x-fixed-field,text/x-sas-syntax",10,10,0,39
doi:10.7910/DVN/MUCR6A,LAPOP - Latin American Public Opinion Project (Vanderbilt University) Harvard Library Collection,https://dataverse.harvard.edu/dataverse/lapop,https://doi.org/10.7910/DVN/MUCR6A,1,1,2017-08-22 16:18:15+00:00,2017-08-22 16:18:15+00:00,1279,1279,174,True,NONE,True,True,0,0,citation,7,0,False,"application/pdf,text/tab-separated-values,text/x-fixed-field,text/x-sas-syntax",2,2,0,7
doi:10.7910/DVN/IGI9U9,LAPOP - Latin American Public Opinion Project (Vanderbilt University) Harvard Library Collection,https://dataverse.harvard.edu/dataverse/lapop,https://doi.org/10.7910/DVN/IGI9U9,1,1,2017-08-22 16:15:04+00:00,2017-08-22 16:15:04+00:00,1279,1279,186,True,NONE,True,True,0,0,citation,11,0,False,"application/pdf,text/tab-separated-values,text/x-fixed-field,text/x-sas-syntax",4,4,0,11
doi:10.7910/DVN/N9YULE,LAPOP - Latin American Public Opinion Project (Vanderbilt University) Harvard Library Collection,https://dataverse.harvard.edu/dataverse/lapop,https://doi.org/10.7910/DVN/N9YULE,1,1,2017-08-22 16:10:56+00:00,2017-08-22 16:10:56+00:00,1279,1279,193,True,NONE,True,True,0,0,citation,16,0,False,"application/pdf,text/tab-separated-values,text/x-fixed-field,text/x-sas-syntax",4,4,0,16
doi:10.7910/DVN/AOQVFJ,LAPOP - Latin American Public Opinion Project (Vanderbilt University) Harvard Library Collection,https://dataverse.harvard.edu/dataverse/lapop,https://doi.org/10.7910/DVN/AOQVFJ,1,1,2017-08-22 15:58:37+00:00,2017-08-22 15:58:37+00:00,1279,1279,178,True,NONE,True,True,0,0,citation,6,0,False,"application/pdf,text/tab-separated-values,text/x-fixed-field,text/x-sas-syntax",2,2,0,6
doi:10.7910/DVN/417PPB,LAPOP - Latin American Public Opinion Project (Vanderbilt University) Harvard Library Collection,https://dataverse.harvard.edu/dataverse/lapop,https://doi.org/10.7910/DVN/417PPB,1,1,2017-08-22 16:06:46+00:00,2017-08-22 16:06:46+00:00,1279,1279,174,True,NONE,True,True,0,0,citation,8,3,False,"application/pdf,application/x-sas-syntax,text/tab-separated-values,text/x-fixed-field",2,2,0,8
doi:10.7910/DVN/EBUCGC,LAPOP - Latin American Public Opinion Project (Vanderbilt University) Harvard Library Collection,https://dataverse.harvard.edu/dataverse/lapop,https://doi.org/10.7910/DVN/EBUCGC,1,1,2017-08-22 16:16:33+00:00,2017-08-22 16:16:33+00:00,1279,1279,175,True,NONE,True,True,0,0,citation,6,0,False,"application/pdf,text/tab-separated-values,text/x-fixed-field,text/x-sas-syntax",2,2,0,6
doi:10.7910/DVN/S01DDY,LAPOP - Latin American Public Opinion Project (Vanderbilt University) Harvard Library Collection,https://dataverse.harvard.edu/dataverse/lapop,https://doi.org/10.7910/DVN/S01DDY,1,1,2017-08-22 16:02:48+00:00,2017-08-22 16:02:48+00:00,1279,1279,205,True,NONE,True,True,0,0,citation,59,0,False,"application/pdf,text/tab-separated-values,text/x-fixed-field,text/x-sas-syntax",16,16,0,59
doi:10.7910/DVN/ZQWMUJ,LAPOP - Latin American Public Opinion Project (Vanderbilt University) Harvard Library Collection,https://dataverse.harvard.edu/dataverse/lapop,https://doi.org/10.7910/DVN/ZQWMUJ,1,1,2017-08-22 16:05:35+00:00,2017-08-22 16:05:35+00:00,1279,1279,175,True,NONE,True,True,0,0,citation,6,0,False,"application/pdf,application/x-sas-syntax,text/tab-separated-values,text/x-fixed-field",2,2,0,6
doi:10.7910/DVN/DCMLZT,LAPOP - Latin American Public Opinion Project (Vanderbilt University) Harvard Library Collection,https://dataverse.harvard.edu/dataverse/lapop,https://doi.org/10.7910/DVN/DCMLZT,1,1,2017-08-22 16:57:00+00:00,2017-08-22 16:57:00+00:00,1279,1279,191,True,NONE,True,True,0,0,citation,27,0,False,"application/pdf,text/tab-separated-values,text/x-fixed-field,text/x-sas-syntax",8,8,0,27
