pid,relation-type,count
doi=10.5064/F6GXXBVD,total-dataset-investigations-regular,2
doi=10.5064/F6GXXBVD,total-dataset-requests-regular,2
doi=10.5064/F6GXXBVD,unique-dataset-investigations-regular,2
doi=10.5064/F6GXXBVD,unique-dataset-requests-regular,2
doi=10.5064/F6GXXBVD,total-dataset-investigations-machine,1
doi=10.5064/F6GXXBVD,unique-dataset-investigations-machine,1
doi=10.5064/F6WBLX4I,total-dataset-investigations-regular,3
doi=10.5064/F6WBLX4I,total-dataset-requests-regular,3
doi=10.5064/F6WBLX4I,unique-dataset-investigations-regular,3
doi=10.5064/F6WBLX4I,unique-dataset-requests-regular,3
doi=10.5064/F6WBLX4I,total-dataset-investigations-machine,1
doi=10.5064/F6WBLX4I,unique-dataset-investigations-machine,1
doi=10.5064/F6MBCJ8M,total-dataset-investigations-regular,3
doi=10.5064/F6MBCJ8M,total-dataset-requests-regular,3
doi=10.5064/F6MBCJ8M,unique-dataset-investigations-regular,3
doi=10.5064/F6MBCJ8M,unique-dataset-requests-regular,3
doi=10.5064/F6MBCJ8M,is-authored-by,2
doi=10.5064/F6MBCJ8M,total-dataset-investigations-machine,1
doi=10.5064/F6MBCJ8M,unique-dataset-investigations-machine,1
doi=10.5064/F6D0YBEA,total-dataset-investigations-regular,4
doi=10.5064/F6D0YBEA,total-dataset-requests-regular,4
doi=10.5064/F6D0YBEA,unique-dataset-investigations-regular,4
doi=10.5064/F6D0YBEA,unique-dataset-requests-regular,4
doi=10.5064/F6D0YBEA,total-dataset-investigations-machine,1
doi=10.5064/F6D0YBEA,unique-dataset-investigations-machine,1
doi=10.5064/F6LBYMQO,total-dataset-investigations-regular,5
doi=10.5064/F6LBYMQO,total-dataset-requests-regular,5
doi=10.5064/F6LBYMQO,unique-dataset-investigations-regular,5
doi=10.5064/F6LBYMQO,unique-dataset-requests-regular,5
doi=10.5064/F6LBYMQO,total-dataset-investigations-machine,3
doi=10.5064/F6LBYMQO,unique-dataset-investigations-machine,3
doi=10.5064/F6AC1QAF,total-dataset-investigations-regular,6
doi=10.5064/F6AC1QAF,unique-dataset-investigations-regular,6
doi=10.5064/F6AC1QAF,total-dataset-requests-regular,5
doi=10.5064/F6AC1QAF,unique-dataset-requests-regular,5
doi=10.5064/F6AC1QAF,total-dataset-investigations-machine,3
doi=10.5064/F6AC1QAF,unique-dataset-investigations-machine,3
doi=10.5064/F6AGWUJG,total-dataset-investigations-regular,6
doi=10.5064/F6AGWUJG,total-dataset-requests-regular,6
doi=10.5064/F6AGWUJG,unique-dataset-investigations-regular,6
doi=10.5064/F6AGWUJG,unique-dataset-requests-regular,6
doi=10.5064/F6AGWUJG,total-dataset-investigations-machine,3
doi=10.5064/F6AGWUJG,unique-dataset-investigations-machine,3
doi=10.5064/F6FLYLN6,has-part,63
doi=10.5064/F6FLYLN6,is-part-of,59
doi=10.5064/F6FLYLN6,total-dataset-investigations-regular,6
doi=10.5064/F6FLYLN6,unique-dataset-investigations-regular,6
doi=10.5064/F6FLYLN6,total-dataset-requests-regular,5
doi=10.5064/F6FLYLN6,unique-dataset-requests-regular,5
doi=10.5064/F6FLYLN6,is-authored-by,2
doi=10.5064/F6FLYLN6,is-supplement-to,2
doi=10.5064/F6FLYLN6,total-dataset-investigations-machine,2
doi=10.5064/F6FLYLN6,unique-dataset-investigations-machine,2
doi=10.5064/F6W3BY0S,has-part,63
doi=10.5064/F6W3BY0S,total-dataset-investigations-regular,6
doi=10.5064/F6W3BY0S,unique-dataset-investigations-regular,6
doi=10.5064/F6W3BY0S,total-dataset-requests-regular,4
doi=10.5064/F6W3BY0S,unique-dataset-requests-regular,4
doi=10.5064/F6W3BY0S,is-authored-by,2
doi=10.5064/F6W3BY0S,is-supplement-to,2
doi=10.5064/F6W3BY0S,total-dataset-investigations-machine,2
doi=10.5064/F6W3BY0S,unique-dataset-investigations-machine,2
doi=10.5064/F6IJOKZD,has-part,63
doi=10.5064/F6IJOKZD,total-dataset-investigations-regular,6
doi=10.5064/F6IJOKZD,unique-dataset-investigations-regular,6
doi=10.5064/F6IJOKZD,total-dataset-requests-regular,4
doi=10.5064/F6IJOKZD,unique-dataset-requests-regular,4
doi=10.5064/F6IJOKZD,total-dataset-investigations-machine,3
doi=10.5064/F6IJOKZD,unique-dataset-investigations-machine,3
doi=10.5064/F6IJOKZD,is-supplement-to,2
doi=10.5064/F6OJNVF1,has-part,62
doi=10.5064/F6OJNVF1,total-dataset-investigations-regular,6
doi=10.5064/F6OJNVF1,unique-dataset-investigations-regular,6
doi=10.5064/F6OJNVF1,is-authored-by,2
doi=10.5064/F6OJNVF1,is-supplement-to,2
doi=10.5064/F6OJNVF1,total-dataset-investigations-machine,2
doi=10.5064/F6OJNVF1,total-dataset-requests-regular,2
doi=10.5064/F6OJNVF1,unique-dataset-investigations-machine,2
doi=10.5064/F6OJNVF1,unique-dataset-requests-regular,2
doi=10.5064/F6BCQ6DM,has-part,61
doi=10.5064/F6BCQ6DM,total-dataset-investigations-regular,6
doi=10.5064/F6BCQ6DM,unique-dataset-investigations-regular,6
doi=10.5064/F6BCQ6DM,total-dataset-investigations-machine,4
doi=10.5064/F6BCQ6DM,unique-dataset-investigations-machine,4
doi=10.5064/F6BCQ6DM,is-authored-by,2
doi=10.5064/F6BCQ6DM,is-supplement-to,2
doi=10.5064/F6BCQ6DM,total-dataset-requests-regular,2
doi=10.5064/F6BCQ6DM,unique-dataset-requests-regular,2
doi=10.5064/F6R3772G,has-part,60
doi=10.5064/F6R3772G,total-dataset-investigations-regular,6
doi=10.5064/F6R3772G,unique-dataset-investigations-regular,6
doi=10.5064/F6R3772G,total-dataset-requests-regular,5
doi=10.5064/F6R3772G,unique-dataset-requests-regular,5
doi=10.5064/F6R3772G,total-dataset-investigations-machine,3
doi=10.5064/F6R3772G,unique-dataset-investigations-machine,3
doi=10.5064/F6R3772G,is-authored-by,2
doi=10.5064/F6R3772G,is-supplement-to,2
doi=10.5064/F6ETSBWQ,has-part,57
doi=10.5064/F6ETSBWQ,total-dataset-investigations-regular,6
doi=10.5064/F6ETSBWQ,unique-dataset-investigations-regular,6
doi=10.5064/F6ETSBWQ,is-authored-by,2
doi=10.5064/F6ETSBWQ,is-supplement-to,2
doi=10.5064/F6ETSBWQ,total-dataset-investigations-machine,2
doi=10.5064/F6ETSBWQ,total-dataset-requests-regular,2
doi=10.5064/F6ETSBWQ,unique-dataset-investigations-machine,2
doi=10.5064/F6ETSBWQ,unique-dataset-requests-regular,2
doi=10.5064/F6QPV2QK,has-part,61
doi=10.5064/F6QPV2QK,total-dataset-investigations-regular,6
doi=10.5064/F6QPV2QK,unique-dataset-investigations-regular,6
doi=10.5064/F6QPV2QK,is-authored-by,2
doi=10.5064/F6QPV2QK,is-supplement-to,2
doi=10.5064/F6QPV2QK,total-dataset-requests-regular,2
doi=10.5064/F6QPV2QK,unique-dataset-requests-regular,2
doi=10.5064/F6QPV2QK,total-dataset-investigations-machine,1
doi=10.5064/F6QPV2QK,unique-dataset-investigations-machine,1
doi=10.5064/F6NJU10I,has-part,98
doi=10.5064/F6NJU10I,total-dataset-investigations-regular,6
doi=10.5064/F6NJU10I,unique-dataset-investigations-regular,6
doi=10.5064/F6NJU10I,total-dataset-requests-regular,5
doi=10.5064/F6NJU10I,unique-dataset-requests-regular,5
doi=10.5064/F6NJU10I,is-supplement-to,1
doi=10.5064/F6Z5ZNWH,has-part,51
doi=10.5064/F6Z5ZNWH,total-dataset-investigations-regular,6
doi=10.5064/F6Z5ZNWH,unique-dataset-investigations-regular,6
doi=10.5064/F6Z5ZNWH,is-supplement-to,2
doi=10.5064/F6Z5ZNWH,total-dataset-requests-regular,2
doi=10.5064/F6Z5ZNWH,unique-dataset-requests-regular,2
doi=10.5064/F6RQA7AQ,total-dataset-investigations-regular,6
doi=10.5064/F6RQA7AQ,unique-dataset-investigations-regular,6
doi=10.5064/F6RQA7AQ,total-dataset-requests-regular,5
doi=10.5064/F6RQA7AQ,unique-dataset-requests-regular,5
doi=10.5064/F6RQA7AQ,total-dataset-investigations-machine,1
doi=10.5064/F6RQA7AQ,unique-dataset-investigations-machine,1
doi=10.5064/F630E3UT,total-dataset-investigations-regular,6
doi=10.5064/F630E3UT,total-dataset-requests-regular,6
doi=10.5064/F630E3UT,unique-dataset-investigations-regular,6
doi=10.5064/F630E3UT,unique-dataset-requests-regular,6
doi=10.5064/F6VAZJ2M,total-dataset-investigations-regular,8
doi=10.5064/F6VAZJ2M,unique-dataset-investigations-regular,8
doi=10.5064/F6VAZJ2M,total-dataset-requests-regular,7
doi=10.5064/F6VAZJ2M,unique-dataset-requests-regular,7
doi=10.5064/F69JKYSS,total-dataset-investigations-regular,8
doi=10.5064/F69JKYSS,unique-dataset-investigations-regular,8
doi=10.5064/F69JKYSS,total-dataset-requests-regular,7
doi=10.5064/F69JKYSS,unique-dataset-requests-regular,7
doi=10.5064/F69JKYSS,total-dataset-investigations-machine,2
doi=10.5064/F69JKYSS,unique-dataset-investigations-machine,2
doi=10.5064/F6VOIB8H,total-dataset-investigations-regular,9
doi=10.5064/F6VOIB8H,total-dataset-requests-regular,9
doi=10.5064/F6VOIB8H,unique-dataset-investigations-regular,9
doi=10.5064/F6VOIB8H,unique-dataset-requests-regular,9
doi=10.5064/F6VOIB8H,total-dataset-investigations-machine,3
doi=10.5064/F6VOIB8H,unique-dataset-investigations-machine,3
doi=10.5064/F6SHNJUG,total-dataset-investigations-regular,10
doi=10.5064/F6SHNJUG,total-dataset-requests-regular,10
doi=10.5064/F6SHNJUG,unique-dataset-investigations-regular,10
doi=10.5064/F6SHNJUG,unique-dataset-requests-regular,10
doi=10.5064/F6SHNJUG,total-dataset-investigations-machine,5
doi=10.5064/F6SHNJUG,unique-dataset-investigations-machine,5
doi=10.5064/F6SHNJUG,total-dataset-requests-machine,1
doi=10.5064/F6SHNJUG,unique-dataset-requests-machine,1
doi=10.5064/F6EOZGLB,total-dataset-investigations-regular,12
doi=10.5064/F6EOZGLB,unique-dataset-investigations-regular,12
doi=10.5064/F6EOZGLB,total-dataset-requests-regular,9
doi=10.5064/F6EOZGLB,unique-dataset-requests-regular,9
doi=10.5064/F6EOZGLB,total-dataset-investigations-machine,3
doi=10.5064/F6EOZGLB,unique-dataset-investigations-machine,3
doi=10.5064/F6EOZGLB,has-part,1
doi=10.5064/F6EOZGLB,is-part-of,1
doi=10.5064/F6EOZGLB,is-supplement-to,1
doi=10.5064/F6HY9R1Z,has-part,51
doi=10.5064/F6HY9R1Z,is-part-of,51
doi=10.5064/F6HY9R1Z,total-dataset-investigations-regular,12
doi=10.5064/F6HY9R1Z,unique-dataset-investigations-regular,12
doi=10.5064/F6HY9R1Z,total-dataset-requests-regular,10
doi=10.5064/F6HY9R1Z,unique-dataset-requests-regular,10
doi=10.5064/F6HY9R1Z,total-dataset-investigations-machine,5
doi=10.5064/F6HY9R1Z,unique-dataset-investigations-machine,5
doi=10.5064/F6HY9R1Z,is-supplement-to,1
doi=10.5064/F6FHSZGO,total-dataset-investigations-regular,12
doi=10.5064/F6FHSZGO,total-dataset-requests-regular,12
doi=10.5064/F6FHSZGO,unique-dataset-investigations-regular,12
doi=10.5064/F6FHSZGO,unique-dataset-requests-regular,12
doi=10.5064/F6FHSZGO,total-dataset-investigations-machine,4
doi=10.5064/F6FHSZGO,unique-dataset-investigations-machine,4
doi=10.5064/F6FHSZGO,has-part,2
doi=10.5064/F6FHSZGO,is-part-of,2
doi=10.5064/F6FHSZGO,is-supplement-to,1
doi=10.5064/F6HTXF0H,has-part,35
doi=10.5064/F6HTXF0H,is-part-of,35
doi=10.5064/F6HTXF0H,total-dataset-investigations-regular,14
doi=10.5064/F6HTXF0H,unique-dataset-investigations-regular,14
doi=10.5064/F6HTXF0H,total-dataset-requests-regular,10
doi=10.5064/F6HTXF0H,unique-dataset-requests-regular,10
doi=10.5064/F6HTXF0H,total-dataset-investigations-machine,3
doi=10.5064/F6HTXF0H,unique-dataset-investigations-machine,3
doi=10.5064/F6HTXF0H,is-authored-by,1
doi=10.5064/F6K4IVEP,has-part,198
doi=10.5064/F6K4IVEP,is-part-of,198
doi=10.5064/F6K4IVEP,total-dataset-investigations-regular,14
doi=10.5064/F6K4IVEP,total-dataset-requests-regular,14
doi=10.5064/F6K4IVEP,unique-dataset-investigations-regular,14
doi=10.5064/F6K4IVEP,unique-dataset-requests-regular,14
doi=10.5064/F6K4IVEP,total-dataset-investigations-machine,13
doi=10.5064/F6K4IVEP,unique-dataset-investigations-machine,13
doi=10.5064/F6K4IVEP,is-authored-by,1
doi=10.5064/F68PQFS8,total-dataset-investigations-regular,15
doi=10.5064/F68PQFS8,unique-dataset-investigations-regular,15
doi=10.5064/F68PQFS8,has-part,14
doi=10.5064/F68PQFS8,is-part-of,14
doi=10.5064/F68PQFS8,total-dataset-requests-regular,8
doi=10.5064/F68PQFS8,unique-dataset-requests-regular,8
doi=10.5064/F68PQFS8,total-dataset-investigations-machine,3
doi=10.5064/F68PQFS8,unique-dataset-investigations-machine,3
doi=10.5064/F68PQFS8,is-supplement-to,2
doi=10.5064/F68PQFS8,is-authored-by,1
doi=10.5064/F6AHDRFQ,has-part,24
doi=10.5064/F6AHDRFQ,is-part-of,24
doi=10.5064/F6AHDRFQ,total-dataset-investigations-regular,15
doi=10.5064/F6AHDRFQ,unique-dataset-investigations-regular,15
doi=10.5064/F6AHDRFQ,total-dataset-requests-regular,10
doi=10.5064/F6AHDRFQ,unique-dataset-requests-regular,10
doi=10.5064/F6AHDRFQ,total-dataset-investigations-machine,2
doi=10.5064/F6AHDRFQ,unique-dataset-investigations-machine,2
doi=10.5064/F6AHDRFQ,is-authored-by,1
doi=10.5064/F6NON328,has-part,45
doi=10.5064/F6NON328,is-part-of,45
doi=10.5064/F6NON328,total-dataset-investigations-regular,15
doi=10.5064/F6NON328,unique-dataset-investigations-regular,15
doi=10.5064/F6NON328,total-dataset-requests-regular,13
doi=10.5064/F6NON328,unique-dataset-requests-regular,13
doi=10.5064/F6NON328,total-dataset-investigations-machine,3
doi=10.5064/F6NON328,unique-dataset-investigations-machine,3
doi=10.5064/F6NON328,is-authored-by,1
doi=10.5064/F6NON328,is-supplement-to,1
doi=10.5064/F65BVECY,has-part,177
doi=10.5064/F65BVECY,is-part-of,177
doi=10.5064/F65BVECY,total-dataset-investigations-regular,22
doi=10.5064/F65BVECY,total-dataset-requests-regular,19
doi=10.5064/F65BVECY,unique-dataset-investigations-regular,15
doi=10.5064/F65BVECY,unique-dataset-requests-regular,13
doi=10.5064/F65BVECY,total-dataset-investigations-machine,10
doi=10.5064/F65BVECY,unique-dataset-investigations-machine,5
doi=10.5064/F65BVECY,total-dataset-requests-machine,3
doi=10.5064/F65BVECY,total-resolutions-regular,2
doi=10.5064/F6C8VUHP,is-part-of,150
doi=10.5064/F6C8VUHP,has-part,30
doi=10.5064/F6C8VUHP,is-supplement-to,15
doi=10.5064/F6C8VUHP,total-dataset-investigations-regular,15
doi=10.5064/F6C8VUHP,unique-dataset-investigations-regular,15
doi=10.5064/F6C8VUHP,total-dataset-requests-regular,13
doi=10.5064/F6C8VUHP,unique-dataset-requests-regular,13
doi=10.5064/F6C8VUHP,total-dataset-investigations-machine,5
doi=10.5064/F6C8VUHP,unique-dataset-investigations-machine,5
doi=10.5064/F6C8VUHP,is-authored-by,1
doi=10.5064/F6JTB799,total-dataset-investigations-regular,15
doi=10.5064/F6JTB799,unique-dataset-investigations-regular,15
doi=10.5064/F6JTB799,total-dataset-requests-regular,14
doi=10.5064/F6JTB799,unique-dataset-requests-regular,14
doi=10.5064/F6JTB799,has-part,5
doi=10.5064/F6JTB799,is-part-of,5
doi=10.5064/F6JTB799,total-dataset-investigations-machine,3
doi=10.5064/F6JTB799,unique-dataset-investigations-machine,3
doi=10.5064/F6JTB799,is-authored-by,1
doi=10.5064/F6JTB799,is-supplement-to,1
doi=10.5064/F6DJRPLK,has-part,30
doi=10.5064/F6DJRPLK,is-part-of,30
doi=10.5064/F6DJRPLK,total-dataset-investigations-regular,15
doi=10.5064/F6DJRPLK,unique-dataset-investigations-regular,15
doi=10.5064/F6DJRPLK,total-dataset-requests-regular,13
doi=10.5064/F6DJRPLK,unique-dataset-requests-regular,13
doi=10.5064/F6DJRPLK,is-authored-by,5
doi=10.5064/F6DJRPLK,total-dataset-investigations-machine,4
doi=10.5064/F6DJRPLK,unique-dataset-investigations-machine,4
doi=10.5064/F6DJRPLK,is-supplement-to,1
doi=10.5064/F6UURYON,total-dataset-investigations-regular,15
doi=10.5064/F6UURYON,unique-dataset-investigations-regular,14
doi=10.5064/F6UURYON,total-dataset-requests-regular,12
doi=10.5064/F6UURYON,unique-dataset-requests-regular,11
doi=10.5064/F6UURYON,has-part,4
doi=10.5064/F6UURYON,is-part-of,4
doi=10.5064/F6UURYON,total-dataset-investigations-machine,3
doi=10.5064/F6UURYON,unique-dataset-investigations-machine,3
doi=10.5064/F6UURYON,is-supplement-to,2
doi=10.5064/F6UURYON,is-authored-by,1
doi=10.5064/F6IQTIML,has-part,89
doi=10.5064/F6IQTIML,is-part-of,89
doi=10.5064/F6IQTIML,total-dataset-investigations-regular,17
doi=10.5064/F6IQTIML,unique-dataset-investigations-regular,15
doi=10.5064/F6IQTIML,total-dataset-requests-regular,7
doi=10.5064/F6IQTIML,unique-dataset-requests-regular,5
doi=10.5064/F6IQTIML,total-dataset-investigations-machine,3
doi=10.5064/F6IQTIML,unique-dataset-investigations-machine,3
doi=10.5064/F6T3PFTW,has-part,1532
doi=10.5064/F6T3PFTW,is-part-of,1532
doi=10.5064/F6T3PFTW,total-dataset-investigations-regular,17
doi=10.5064/F6T3PFTW,total-dataset-investigations-machine,15
doi=10.5064/F6T3PFTW,unique-dataset-investigations-machine,15
doi=10.5064/F6T3PFTW,unique-dataset-investigations-regular,15
doi=10.5064/F6T3PFTW,total-dataset-requests-regular,12
doi=10.5064/F6T3PFTW,unique-dataset-requests-regular,10
doi=10.5064/F64NRC1B,has-part,317
doi=10.5064/F64NRC1B,is-part-of,317
doi=10.5064/F64NRC1B,total-dataset-investigations-regular,17
doi=10.5064/F64NRC1B,unique-dataset-investigations-regular,15
doi=10.5064/F64NRC1B,total-dataset-investigations-machine,5
doi=10.5064/F64NRC1B,unique-dataset-investigations-machine,5
doi=10.5064/F64NRC1B,total-dataset-requests-regular,4
doi=10.5064/F64NRC1B,unique-dataset-requests-regular,3
doi=10.5064/F6CSTPY3,has-part,160
doi=10.5064/F6CSTPY3,is-part-of,160
doi=10.5064/F6CSTPY3,total-dataset-investigations-regular,16
doi=10.5064/F6CSTPY3,unique-dataset-investigations-regular,14
doi=10.5064/F6CSTPY3,total-dataset-investigations-machine,4
doi=10.5064/F6CSTPY3,total-dataset-requests-regular,4
doi=10.5064/F6CSTPY3,unique-dataset-investigations-machine,4
doi=10.5064/F6CSTPY3,unique-dataset-requests-regular,2
doi=10.5064/F6B9CGIV,total-dataset-investigations-regular,17
doi=10.5064/F6B9CGIV,unique-dataset-investigations-regular,15
doi=10.5064/F6B9CGIV,has-part,10
doi=10.5064/F6B9CGIV,is-part-of,10
doi=10.5064/F6B9CGIV,total-dataset-requests-regular,4
doi=10.5064/F6B9CGIV,total-dataset-investigations-machine,3
doi=10.5064/F6B9CGIV,unique-dataset-investigations-machine,3
doi=10.5064/F6B9CGIV,unique-dataset-requests-regular,3
doi=10.5064/F6GEGCRX,has-part,27
doi=10.5064/F6GEGCRX,is-part-of,27
doi=10.5064/F6GEGCRX,total-dataset-investigations-regular,18
doi=10.5064/F6GEGCRX,unique-dataset-investigations-regular,15
doi=10.5064/F6GEGCRX,total-dataset-requests-regular,12
doi=10.5064/F6GEGCRX,unique-dataset-requests-regular,10
doi=10.5064/F6GEGCRX,total-dataset-investigations-machine,3
doi=10.5064/F6GEGCRX,unique-dataset-investigations-machine,3
doi=10.5064/F6GEGCRX,is-authored-by,1
doi=10.5064/F6GEGCRX,is-supplement-to,1
doi=10.5064/F6NKFLPN,total-dataset-investigations-regular,18
doi=10.5064/F6NKFLPN,unique-dataset-investigations-regular,15
doi=10.5064/F6NKFLPN,has-part,7
doi=10.5064/F6NKFLPN,is-part-of,7
doi=10.5064/F6NKFLPN,total-dataset-requests-regular,7
doi=10.5064/F6NKFLPN,unique-dataset-requests-regular,5
doi=10.5064/F6NKFLPN,total-dataset-investigations-machine,4
doi=10.5064/F6NKFLPN,unique-dataset-investigations-machine,3
doi=10.5064/F6NKFLPN,is-authored-by,1
doi=10.5064/F6NKFLPN,is-supplement-to,1
doi=10.5064/F62T7NYQ,total-dataset-investigations-regular,19
doi=10.5064/F62T7NYQ,unique-dataset-investigations-regular,15
doi=10.5064/F62T7NYQ,total-dataset-requests-regular,11
doi=10.5064/F62T7NYQ,unique-dataset-requests-regular,7
doi=10.5064/F62T7NYQ,total-dataset-investigations-machine,6
doi=10.5064/F62T7NYQ,unique-dataset-investigations-machine,5
doi=10.5064/F62T7NYQ,has-part,2
doi=10.5064/F62T7NYQ,is-part-of,2
doi=10.5064/F62T7NYQ,is-authored-by,1
doi=10.5064/F62T7NYQ,is-supplement-to,1
doi=10.5064/F6URYY1I,has-part,596
doi=10.5064/F6URYY1I,is-part-of,596
doi=10.5064/F6URYY1I,total-dataset-investigations-regular,20
doi=10.5064/F6URYY1I,total-dataset-requests-regular,15
doi=10.5064/F6URYY1I,unique-dataset-investigations-regular,14
doi=10.5064/F6URYY1I,unique-dataset-requests-regular,11
doi=10.5064/F6URYY1I,total-dataset-investigations-machine,4
doi=10.5064/F6URYY1I,unique-dataset-investigations-machine,2
doi=10.5064/F6URYY1I,is-authored-by,1
doi=10.5064/F6URYY1I,is-supplement-to,1
doi=10.5064/F6GYLSON,has-part,226
doi=10.5064/F6GYLSON,is-part-of,226
doi=10.5064/F6GYLSON,total-dataset-investigations-regular,20
doi=10.5064/F6GYLSON,total-dataset-requests-regular,17
doi=10.5064/F6GYLSON,unique-dataset-investigations-regular,15
doi=10.5064/F6GYLSON,unique-dataset-requests-regular,13
doi=10.5064/F6GYLSON,total-dataset-investigations-machine,8
doi=10.5064/F6GYLSON,unique-dataset-investigations-machine,5
doi=10.5064/F6GYLSON,is-authored-by,1
doi=10.5064/F6B7AR4J,has-part,54
doi=10.5064/F6B7AR4J,is-part-of,54
doi=10.5064/F6B7AR4J,total-dataset-investigations-regular,18
doi=10.5064/F6B7AR4J,total-dataset-investigations-machine,15
doi=10.5064/F6B7AR4J,unique-dataset-investigations-machine,14
doi=10.5064/F6B7AR4J,unique-dataset-investigations-regular,14
doi=10.5064/F6B7AR4J,total-dataset-requests-regular,9
doi=10.5064/F6B7AR4J,unique-dataset-requests-regular,7
doi=10.5064/F6B7AR4J,is-authored-by,1
doi=10.5064/F6B7AR4J,is-supplement-to,1
doi=10.5064/F6ICDLGP,total-dataset-investigations-regular,15
doi=10.5064/F6ICDLGP,unique-dataset-investigations-regular,10
doi=10.5064/F6ICDLGP,total-dataset-requests-regular,7
doi=10.5064/F6ICDLGP,total-dataset-investigations-machine,3
doi=10.5064/F6ICDLGP,unique-dataset-investigations-machine,2
doi=10.5064/F6ICDLGP,unique-dataset-requests-regular,2
doi=10.5064/F6ICDLGP,has-part,1
doi=10.5064/F6ICDLGP,is-authored-by,1
doi=10.5064/F6ICDLGP,is-part-of,1
doi=10.5064/F6ICDLGP,is-supplement-to,1
doi=10.5064/F6SUMYSH,total-dataset-investigations-regular,20
doi=10.5064/F6SUMYSH,total-dataset-requests-regular,18
doi=10.5064/F6SUMYSH,unique-dataset-investigations-regular,15
doi=10.5064/F6SUMYSH,unique-dataset-requests-regular,14
doi=10.5064/F6SUMYSH,total-dataset-investigations-machine,6
doi=10.5064/F6SUMYSH,unique-dataset-investigations-machine,5
doi=10.5064/F6SUMYSH,has-part,2
doi=10.5064/F6SUMYSH,is-part-of,2
doi=10.5064/F6SUMYSH,total-dataset-requests-machine,2
doi=10.5064/F6SUMYSH,unique-dataset-requests-machine,2
doi=10.5064/F6AISJL0,total-dataset-investigations-regular,19
doi=10.5064/F6AISJL0,unique-dataset-investigations-regular,14
doi=10.5064/F6AISJL0,has-part,8
doi=10.5064/F6AISJL0,is-part-of,8
doi=10.5064/F6AISJL0,total-dataset-requests-regular,8
doi=10.5064/F6AISJL0,total-dataset-investigations-machine,6
doi=10.5064/F6AISJL0,unique-dataset-investigations-machine,5
doi=10.5064/F6AISJL0,unique-dataset-requests-regular,5
doi=10.5064/F6AISJL0,is-supplement-to,1
doi=10.5064/F6IOMX5S,total-dataset-investigations-regular,19
doi=10.5064/F6IOMX5S,unique-dataset-investigations-regular,14
doi=10.5064/F6IOMX5S,total-dataset-requests-regular,9
doi=10.5064/F6IOMX5S,unique-dataset-requests-regular,5
doi=10.5064/F6IOMX5S,total-dataset-investigations-machine,3
doi=10.5064/F6IOMX5S,has-part,2
doi=10.5064/F6IOMX5S,is-part-of,2
doi=10.5064/F6IOMX5S,unique-dataset-investigations-machine,2
doi=10.5064/F6IOMX5S,is-supplement-to,1
doi=10.5064/F6SGXPOS,total-dataset-investigations-regular,20
doi=10.5064/F6SGXPOS,total-dataset-requests-regular,14
doi=10.5064/F6SGXPOS,has-part,13
doi=10.5064/F6SGXPOS,is-part-of,13
doi=10.5064/F6SGXPOS,unique-dataset-investigations-regular,13
doi=10.5064/F6SGXPOS,unique-dataset-requests-regular,7
doi=10.5064/F6SGXPOS,total-dataset-investigations-machine,6
doi=10.5064/F6SGXPOS,unique-dataset-investigations-machine,3
doi=10.5064/F6SGXPOS,is-authored-by,1
doi=10.5064/F6SGXPOS,is-supplement-to,1
doi=10.5064/F6TZYR0Y,has-part,36
doi=10.5064/F6TZYR0Y,is-part-of,36
doi=10.5064/F6TZYR0Y,total-dataset-investigations-regular,20
doi=10.5064/F6TZYR0Y,unique-dataset-investigations-regular,13
doi=10.5064/F6TZYR0Y,total-dataset-requests-regular,9
doi=10.5064/F6TZYR0Y,total-dataset-investigations-machine,6
doi=10.5064/F6TZYR0Y,unique-dataset-requests-regular,6
doi=10.5064/F6TZYR0Y,unique-dataset-investigations-machine,3
doi=10.5064/F6TZYR0Y,is-supplement-to,1
doi=10.5064/F6NUVQRR,has-part,225
doi=10.5064/F6NUVQRR,is-part-of,225
doi=10.5064/F6NUVQRR,total-dataset-investigations-regular,21
doi=10.5064/F6NUVQRR,unique-dataset-investigations-regular,14
doi=10.5064/F6NUVQRR,total-dataset-requests-regular,10
doi=10.5064/F6NUVQRR,total-dataset-investigations-machine,8
doi=10.5064/F6NUVQRR,unique-dataset-investigations-machine,3
doi=10.5064/F6NUVQRR,unique-dataset-requests-regular,3
doi=10.5064/F6NUVQRR,is-authored-by,2
doi=10.5064/F6NUVQRR,total-dataset-requests-machine,2
doi=10.5064/F6WACFVR,total-dataset-investigations-regular,21
doi=10.5064/F6WACFVR,unique-dataset-investigations-regular,14
doi=10.5064/F6WACFVR,total-dataset-requests-regular,11
doi=10.5064/F6WACFVR,has-part,9
doi=10.5064/F6WACFVR,is-part-of,9
doi=10.5064/F6WACFVR,unique-dataset-requests-regular,9
doi=10.5064/F6WACFVR,total-dataset-investigations-machine,6
doi=10.5064/F6WACFVR,unique-dataset-investigations-machine,2
doi=10.5064/F6WACFVR,is-authored-by,1
doi=10.5064/F6WACFVR,is-supplement-to,1
doi=10.5064/F6F769GQ,has-part,168
doi=10.5064/F6F769GQ,is-part-of,168
doi=10.5064/F6F769GQ,total-dataset-investigations-regular,21
doi=10.5064/F6F769GQ,unique-dataset-investigations-regular,14
doi=10.5064/F6F769GQ,total-dataset-requests-regular,6
doi=10.5064/F6F769GQ,total-dataset-investigations-machine,4
doi=10.5064/F6F769GQ,unique-dataset-requests-regular,4
doi=10.5064/F6F769GQ,total-resolutions-machine,2
doi=10.5064/F6F769GQ,total-resolutions-regular,2
doi=10.5064/F6F769GQ,unique-dataset-investigations-machine,2
doi=10.5064/F66Q1V52,has-part,38
doi=10.5064/F66Q1V52,is-part-of,38
doi=10.5064/F66Q1V52,total-dataset-investigations-regular,21
doi=10.5064/F66Q1V52,unique-dataset-investigations-regular,14
doi=10.5064/F66Q1V52,total-dataset-requests-regular,8
doi=10.5064/F66Q1V52,total-dataset-investigations-machine,6
doi=10.5064/F66Q1V52,unique-dataset-requests-regular,5
doi=10.5064/F66Q1V52,unique-dataset-investigations-machine,4
doi=10.5064/F66Q1V52,total-resolutions-regular,2
doi=10.5064/F66Q1V52,unique-resolutions-regular,2
doi=10.5064/F6SF2T3N,total-dataset-investigations-regular,22
doi=10.5064/F6SF2T3N,unique-dataset-investigations-regular,15
doi=10.5064/F6SF2T3N,has-part,13
doi=10.5064/F6SF2T3N,is-part-of,13
doi=10.5064/F6SF2T3N,total-dataset-requests-regular,8
doi=10.5064/F6SF2T3N,total-dataset-investigations-machine,5
doi=10.5064/F6SF2T3N,unique-dataset-investigations-machine,3
doi=10.5064/F6SF2T3N,total-resolutions-regular,2
doi=10.5064/F6SF2T3N,unique-dataset-requests-regular,2
doi=10.5064/F6SF2T3N,unique-resolutions-regular,2
doi=10.5064/F6KW5CXS,has-part,152
doi=10.5064/F6KW5CXS,is-part-of,152
doi=10.5064/F6KW5CXS,total-dataset-investigations-regular,22
doi=10.5064/F6KW5CXS,unique-dataset-investigations-regular,14
doi=10.5064/F6KW5CXS,total-dataset-requests-regular,6
doi=10.5064/F6KW5CXS,total-dataset-investigations-machine,5
doi=10.5064/F6KW5CXS,unique-dataset-requests-regular,4
doi=10.5064/F6KW5CXS,unique-dataset-investigations-machine,3
doi=10.5064/F6KW5CXS,total-resolutions-regular,2
doi=10.5064/F6KW5CXS,unique-resolutions-regular,2
doi=10.5064/F6PN93H4,has-part,45
doi=10.5064/F6PN93H4,is-part-of,45
doi=10.5064/F6PN93H4,total-dataset-investigations-regular,23
doi=10.5064/F6PN93H4,unique-dataset-investigations-regular,15
doi=10.5064/F6PN93H4,total-dataset-requests-regular,8
doi=10.5064/F6PN93H4,total-dataset-investigations-machine,7
doi=10.5064/F6PN93H4,unique-dataset-requests-regular,4
doi=10.5064/F6PN93H4,unique-dataset-investigations-machine,3
doi=10.5064/F6PN93H4,is-supplement-to,1
doi=10.5064/F6PN93H4,total-resolutions-machine,1
doi=10.5064/F68G8HMM,has-part,85
doi=10.5064/F68G8HMM,is-part-of,85
doi=10.5064/F68G8HMM,total-dataset-investigations-regular,22
doi=10.5064/F68G8HMM,unique-dataset-investigations-regular,15
doi=10.5064/F68G8HMM,total-dataset-requests-regular,10
doi=10.5064/F68G8HMM,unique-dataset-requests-regular,7
doi=10.5064/F68G8HMM,total-dataset-investigations-machine,4
doi=10.5064/F68G8HMM,total-resolutions-machine,2
doi=10.5064/F68G8HMM,total-resolutions-regular,2
doi=10.5064/F68G8HMM,unique-dataset-investigations-machine,2
doi=10.5064/F6G44N6S,has-part,129
doi=10.5064/F6G44N6S,is-part-of,129
doi=10.5064/F6G44N6S,total-dataset-investigations-regular,22
doi=10.5064/F6G44N6S,unique-dataset-investigations-regular,15
doi=10.5064/F6G44N6S,total-dataset-investigations-machine,5
doi=10.5064/F6G44N6S,unique-dataset-investigations-machine,3
doi=10.5064/F6G44N6S,total-resolutions-machine,2
doi=10.5064/F6G44N6S,unique-resolutions-machine,2
doi=10.5064/F6G44N6S,total-dataset-requests-regular,1
doi=10.5064/F6G44N6S,total-resolutions-regular,1
doi=10.5064/F6NP22C9,has-part,24
doi=10.5064/F6NP22C9,is-part-of,24
doi=10.5064/F6NP22C9,total-dataset-investigations-regular,21
doi=10.5064/F6NP22C9,unique-dataset-investigations-regular,14
doi=10.5064/F6NP22C9,total-dataset-requests-regular,8
doi=10.5064/F6NP22C9,unique-dataset-requests-regular,7
doi=10.5064/F6NP22C9,total-dataset-investigations-machine,6
doi=10.5064/F6NP22C9,unique-dataset-investigations-machine,4
doi=10.5064/F6NP22C9,total-resolutions-machine,2
doi=10.5064/F6NP22C9,total-resolutions-regular,2
doi=10.5064/F63776W4,total-dataset-investigations-regular,22
doi=10.5064/F63776W4,has-part,21
doi=10.5064/F63776W4,is-part-of,21
doi=10.5064/F63776W4,total-dataset-requests-regular,16
doi=10.5064/F63776W4,unique-dataset-investigations-regular,15
doi=10.5064/F63776W4,unique-dataset-requests-regular,11
doi=10.5064/F63776W4,total-dataset-investigations-machine,9
doi=10.5064/F63776W4,unique-dataset-investigations-machine,6
doi=10.5064/F63776W4,total-dataset-requests-machine,1
doi=10.5064/F6BGVREB,has-part,31
doi=10.5064/F6BGVREB,is-part-of,31
doi=10.5064/F6BGVREB,total-dataset-investigations-regular,20
doi=10.5064/F6BGVREB,unique-dataset-investigations-regular,14
doi=10.5064/F6BGVREB,total-dataset-investigations-machine,5
doi=10.5064/F6BGVREB,total-dataset-requests-regular,4
doi=10.5064/F6BGVREB,unique-dataset-requests-regular,4
doi=10.5064/F6BGVREB,unique-dataset-investigations-machine,3
doi=10.5064/F6MFN8D4,has-part,940
doi=10.5064/F6MFN8D4,is-part-of,940
doi=10.5064/F6MFN8D4,total-dataset-investigations-regular,20
doi=10.5064/F6MFN8D4,unique-dataset-investigations-regular,13
doi=10.5064/F6MFN8D4,total-dataset-investigations-machine,6
doi=10.5064/F6MFN8D4,total-dataset-requests-regular,4
doi=10.5064/F6MFN8D4,total-dataset-requests-machine,2
doi=10.5064/F6MFN8D4,unique-dataset-investigations-machine,2
doi=10.5064/F6MFN8D4,unique-dataset-requests-regular,2
doi=10.5064/F6MFN8D4,is-authored-by,1
doi=10.5064/F6UHXBNH,has-part,2982
doi=10.5064/F6UHXBNH,is-part-of,2982
doi=10.5064/F6UHXBNH,total-dataset-investigations-regular,22
doi=10.5064/F6UHXBNH,unique-dataset-investigations-regular,15
doi=10.5064/F6UHXBNH,total-dataset-requests-regular,13
doi=10.5064/F6UHXBNH,unique-dataset-requests-regular,9
doi=10.5064/F6UHXBNH,total-dataset-investigations-machine,6
doi=10.5064/F6UHXBNH,total-dataset-requests-machine,2
doi=10.5064/F6UHXBNH,unique-dataset-investigations-machine,2
doi=10.5064/F6UHXBNH,is-authored-by,1
doi=10.5064/F61MNQL0,total-dataset-investigations-regular,22
doi=10.5064/F61MNQL0,has-part,16
doi=10.5064/F61MNQL0,is-part-of,16
doi=10.5064/F61MNQL0,unique-dataset-investigations-regular,15
doi=10.5064/F61MNQL0,total-dataset-requests-regular,7
doi=10.5064/F61MNQL0,total-dataset-investigations-machine,6
doi=10.5064/F61MNQL0,unique-dataset-investigations-machine,4
doi=10.5064/F61MNQL0,unique-dataset-requests-regular,4
doi=10.5064/F61MNQL0,is-authored-by,1
doi=10.5064/F626JGPB,has-part,69
doi=10.5064/F626JGPB,is-part-of,69
doi=10.5064/F626JGPB,total-dataset-investigations-regular,20
doi=10.5064/F626JGPB,unique-dataset-investigations-regular,14
doi=10.5064/F626JGPB,total-dataset-requests-regular,10
doi=10.5064/F626JGPB,total-dataset-investigations-machine,8
doi=10.5064/F626JGPB,unique-dataset-requests-regular,8
doi=10.5064/F626JGPB,unique-dataset-investigations-machine,2
doi=10.5064/F626JGPB,is-authored-by,1
doi=10.5064/F626JGPB,is-supplement-to,1
doi=10.5064/F6RKKLAD,has-part,51
doi=10.5064/F6RKKLAD,is-part-of,51
doi=10.5064/F6RKKLAD,total-dataset-investigations-regular,21
doi=10.5064/F6RKKLAD,total-dataset-requests-regular,15
doi=10.5064/F6RKKLAD,unique-dataset-investigations-regular,14
doi=10.5064/F6RKKLAD,unique-dataset-requests-regular,10
doi=10.5064/F6RKKLAD,total-dataset-investigations-machine,5
doi=10.5064/F6RKKLAD,unique-dataset-investigations-machine,3
doi=10.5064/F6RKKLAD,total-resolutions-regular,2
doi=10.5064/F6RKKLAD,unique-resolutions-regular,2
doi=10.5064/F6W7QRSX,has-part,182
doi=10.5064/F6W7QRSX,is-part-of,182
doi=10.5064/F6W7QRSX,total-dataset-investigations-regular,21
doi=10.5064/F6W7QRSX,unique-dataset-investigations-regular,14
doi=10.5064/F6W7QRSX,total-dataset-investigations-machine,8
doi=10.5064/F6W7QRSX,total-dataset-requests-regular,7
doi=10.5064/F6W7QRSX,unique-dataset-requests-regular,4
doi=10.5064/F6W7QRSX,is-supplement-to,2
doi=10.5064/F6W7QRSX,total-resolutions-regular,2
doi=10.5064/F6W7QRSX,unique-dataset-investigations-machine,2
doi=10.5064/F6PHDAOA,has-part,113
doi=10.5064/F6PHDAOA,is-part-of,113
doi=10.5064/F6PHDAOA,total-dataset-investigations-regular,20
doi=10.5064/F6PHDAOA,unique-dataset-investigations-regular,13
doi=10.5064/F6PHDAOA,total-dataset-requests-regular,7
doi=10.5064/F6PHDAOA,total-dataset-investigations-machine,6
doi=10.5064/F6PHDAOA,unique-dataset-requests-regular,5
doi=10.5064/F6PHDAOA,total-dataset-requests-machine,2
doi=10.5064/F6PHDAOA,total-resolutions-regular,2
doi=10.5064/F6PHDAOA,unique-dataset-investigations-machine,2
doi=10.5064/F6JOQXNF,total-dataset-investigations-regular,22
doi=10.5064/F6JOQXNF,has-part,17
doi=10.5064/F6JOQXNF,is-part-of,17
doi=10.5064/F6JOQXNF,total-dataset-requests-regular,15
doi=10.5064/F6JOQXNF,unique-dataset-investigations-regular,15
doi=10.5064/F6JOQXNF,total-dataset-investigations-machine,11
doi=10.5064/F6JOQXNF,unique-dataset-requests-regular,11
doi=10.5064/F6JOQXNF,unique-dataset-investigations-machine,6
doi=10.5064/F6JOQXNF,total-dataset-requests-machine,2
doi=10.5064/F6JOQXNF,total-resolutions-regular,2
doi=10.5064/F6OAEIDA,total-dataset-investigations-regular,22
doi=10.5064/F6OAEIDA,unique-dataset-investigations-regular,15
doi=10.5064/F6OAEIDA,total-dataset-requests-regular,14
doi=10.5064/F6OAEIDA,unique-dataset-requests-regular,11
doi=10.5064/F6OAEIDA,total-dataset-investigations-machine,4
doi=10.5064/F6OAEIDA,has-part,2
doi=10.5064/F6OAEIDA,is-part-of,2
doi=10.5064/F6OAEIDA,total-resolutions-regular,2
doi=10.5064/F6OAEIDA,unique-dataset-investigations-machine,2
doi=10.5064/F6OAEIDA,unique-resolutions-regular,2
doi=10.5064/F6NNOI5C,total-dataset-investigations-regular,20
doi=10.5064/F6NNOI5C,has-part,13
doi=10.5064/F6NNOI5C,is-part-of,13
doi=10.5064/F6NNOI5C,unique-dataset-investigations-regular,13
doi=10.5064/F6NNOI5C,total-dataset-requests-regular,7
doi=10.5064/F6NNOI5C,total-dataset-investigations-machine,6
doi=10.5064/F6NNOI5C,unique-dataset-requests-regular,6
doi=10.5064/F6NNOI5C,unique-dataset-investigations-machine,4
doi=10.5064/F6NNOI5C,is-supplement-to,2
doi=10.5064/F6NNOI5C,total-resolutions-regular,2
doi=10.5064/F6IOUEY2,total-dataset-investigations-regular,21
doi=10.5064/F6IOUEY2,unique-dataset-investigations-regular,14
doi=10.5064/F6IOUEY2,total-dataset-investigations-machine,6
doi=10.5064/F6IOUEY2,has-part,5
doi=10.5064/F6IOUEY2,is-part-of,5
doi=10.5064/F6IOUEY2,total-dataset-requests-regular,5
doi=10.5064/F6IOUEY2,unique-dataset-requests-regular,4
doi=10.5064/F6IOUEY2,is-authored-by,2
doi=10.5064/F6IOUEY2,total-resolutions-regular,2
doi=10.5064/F6IOUEY2,unique-dataset-investigations-machine,2
doi=10.5064/F643DB5O,total-dataset-investigations-regular,22
doi=10.5064/F643DB5O,unique-dataset-investigations-regular,15
doi=10.5064/F643DB5O,total-dataset-investigations-machine,4
doi=10.5064/F643DB5O,has-part,2
doi=10.5064/F643DB5O,is-part-of,2
doi=10.5064/F643DB5O,total-dataset-requests-regular,2
doi=10.5064/F643DB5O,total-resolutions-regular,2
doi=10.5064/F643DB5O,unique-dataset-investigations-machine,2
doi=10.5064/F643DB5O,unique-resolutions-regular,2
doi=10.5064/F643DB5O,is-supplement-to,1
doi=10.5064/F66QRSDR,total-dataset-investigations-regular,18
doi=10.5064/F66QRSDR,unique-dataset-investigations-regular,12
doi=10.5064/F66QRSDR,total-dataset-requests-regular,7
doi=10.5064/F66QRSDR,unique-dataset-requests-regular,5
doi=10.5064/F66QRSDR,total-dataset-investigations-machine,4
doi=10.5064/F66QRSDR,has-part,2
doi=10.5064/F66QRSDR,is-part-of,2
doi=10.5064/F66QRSDR,unique-dataset-investigations-machine,2
doi=10.5064/F66QRSDR,is-authored-by,1
doi=10.5064/F66QRSDR,is-supplement-to,1
doi=10.5064/F6OPE7MJ,has-part,31
doi=10.5064/F6OPE7MJ,is-part-of,31
doi=10.5064/F6OPE7MJ,total-dataset-investigations-regular,21
doi=10.5064/F6OPE7MJ,unique-dataset-investigations-regular,14
doi=10.5064/F6OPE7MJ,total-dataset-requests-regular,8
doi=10.5064/F6OPE7MJ,unique-dataset-requests-regular,7
doi=10.5064/F6OPE7MJ,total-dataset-investigations-machine,6
doi=10.5064/F6OPE7MJ,unique-dataset-investigations-machine,4
doi=10.5064/F6OPE7MJ,is-authored-by,2
doi=10.5064/F6OPE7MJ,total-dataset-requests-machine,2
doi=10.5064/F6CNZC8J,total-dataset-investigations-regular,21
doi=10.5064/F6CNZC8J,unique-dataset-investigations-regular,14
doi=10.5064/F6CNZC8J,total-dataset-requests-regular,13
doi=10.5064/F6CNZC8J,unique-dataset-requests-regular,8
doi=10.5064/F6CNZC8J,total-dataset-investigations-machine,7
doi=10.5064/F6CNZC8J,has-part,6
doi=10.5064/F6CNZC8J,is-part-of,6
doi=10.5064/F6CNZC8J,is-supplement-to,2
doi=10.5064/F6CNZC8J,total-resolutions-regular,2
doi=10.5064/F6CNZC8J,unique-dataset-investigations-machine,2
doi=10.5064/F6K6DMCK,has-part,27
doi=10.5064/F6K6DMCK,is-part-of,27
doi=10.5064/F6K6DMCK,total-dataset-investigations-regular,21
doi=10.5064/F6K6DMCK,unique-dataset-investigations-regular,15
doi=10.5064/F6K6DMCK,total-dataset-investigations-machine,6
doi=10.5064/F6K6DMCK,total-dataset-requests-regular,4
doi=10.5064/F6K6DMCK,unique-dataset-investigations-machine,4
doi=10.5064/F6K6DMCK,unique-dataset-requests-regular,3
doi=10.5064/F6K6DMCK,total-dataset-requests-machine,2
doi=10.5064/F6K6DMCK,total-resolutions-regular,2
doi=10.5064/F6AGINR7,total-dataset-investigations-regular,21
doi=10.5064/F6AGINR7,unique-dataset-investigations-regular,14
doi=10.5064/F6AGINR7,total-dataset-requests-regular,5
doi=10.5064/F6AGINR7,total-dataset-investigations-machine,4
doi=10.5064/F6AGINR7,unique-dataset-requests-regular,3
doi=10.5064/F6AGINR7,unique-dataset-investigations-machine,2
doi=10.5064/F6AGINR7,has-part,1
doi=10.5064/F6AGINR7,is-authored-by,1
doi=10.5064/F6AGINR7,is-part-of,1
doi=10.5064/F6AGINR7,is-supplement-to,1
doi=10.5064/F6M2H9VQ,has-part,36
doi=10.5064/F6M2H9VQ,is-part-of,36
doi=10.5064/F6M2H9VQ,total-dataset-investigations-regular,21
doi=10.5064/F6M2H9VQ,unique-dataset-investigations-regular,14
doi=10.5064/F6M2H9VQ,total-dataset-investigations-machine,6
doi=10.5064/F6M2H9VQ,total-dataset-requests-regular,6
doi=10.5064/F6M2H9VQ,unique-dataset-requests-regular,5
doi=10.5064/F6M2H9VQ,unique-dataset-investigations-machine,4
doi=10.5064/F6M2H9VQ,total-resolutions-machine,2
doi=10.5064/F6M2H9VQ,total-resolutions-regular,2
doi=10.5064/F6RL3PS2,has-part,38
doi=10.5064/F6RL3PS2,is-part-of,38
doi=10.5064/F6RL3PS2,total-dataset-investigations-regular,20
doi=10.5064/F6RL3PS2,unique-dataset-investigations-regular,14
doi=10.5064/F6RL3PS2,total-dataset-requests-regular,7
doi=10.5064/F6RL3PS2,total-dataset-investigations-machine,5
doi=10.5064/F6RL3PS2,unique-dataset-requests-regular,5
doi=10.5064/F6RL3PS2,unique-dataset-investigations-machine,3
doi=10.5064/F6RL3PS2,total-resolutions-regular,2
doi=10.5064/F6RL3PS2,unique-resolutions-regular,2
doi=10.5064/F6FBRTRW,has-part,23
doi=10.5064/F6FBRTRW,is-part-of,23
doi=10.5064/F6FBRTRW,total-dataset-investigations-regular,20
doi=10.5064/F6FBRTRW,unique-dataset-investigations-regular,14
doi=10.5064/F6FBRTRW,total-dataset-requests-regular,6
doi=10.5064/F6FBRTRW,total-dataset-investigations-machine,4
doi=10.5064/F6FBRTRW,unique-dataset-requests-regular,3
doi=10.5064/F6FBRTRW,unique-dataset-investigations-machine,2
doi=10.5064/F6FBRTRW,is-authored-by,1
doi=10.5064/F6FBRTRW,is-supplement-to,1
doi=10.5064/F6LHMHJR,has-part,1913
doi=10.5064/F6LHMHJR,is-part-of,1911
doi=10.5064/F6LHMHJR,total-dataset-investigations-regular,22
doi=10.5064/F6LHMHJR,unique-dataset-investigations-regular,15
doi=10.5064/F6LHMHJR,total-dataset-requests-regular,10
doi=10.5064/F6LHMHJR,unique-dataset-requests-regular,8
doi=10.5064/F6LHMHJR,total-dataset-investigations-machine,5
doi=10.5064/F6LHMHJR,unique-dataset-investigations-machine,4
doi=10.5064/F6LHMHJR,total-dataset-requests-machine,2
doi=10.5064/F6LHMHJR,total-resolutions-regular,2
doi=10.5064/F6LXO8PS,total-dataset-investigations-regular,21
doi=10.5064/F6LXO8PS,unique-dataset-investigations-regular,15
doi=10.5064/F6LXO8PS,total-dataset-investigations-machine,11
doi=10.5064/F6LXO8PS,total-dataset-requests-regular,11
doi=10.5064/F6LXO8PS,unique-dataset-requests-regular,7
doi=10.5064/F6LXO8PS,unique-dataset-investigations-machine,6
doi=10.5064/F6LXO8PS,has-part,4
doi=10.5064/F6LXO8PS,is-part-of,4
doi=10.5064/F6LXO8PS,total-dataset-requests-machine,2
doi=10.5064/F6LXO8PS,total-resolutions-regular,2
doi=10.5064/F6AJE0NP,has-part,44
doi=10.5064/F6AJE0NP,is-part-of,44
doi=10.5064/F6AJE0NP,total-dataset-investigations-regular,22
doi=10.5064/F6AJE0NP,unique-dataset-investigations-regular,15
doi=10.5064/F6AJE0NP,total-dataset-investigations-machine,7
doi=10.5064/F6AJE0NP,total-dataset-requests-regular,7
doi=10.5064/F6AJE0NP,unique-dataset-investigations-machine,5
doi=10.5064/F6AJE0NP,unique-dataset-requests-regular,4
doi=10.5064/F6AJE0NP,total-resolutions-regular,2
doi=10.5064/F6AJE0NP,unique-resolutions-regular,2
doi=10.5064/F6KMEDVB,total-dataset-investigations-regular,18
doi=10.5064/F6KMEDVB,unique-dataset-investigations-regular,12
doi=10.5064/F6KMEDVB,total-dataset-requests-regular,7
doi=10.5064/F6KMEDVB,total-dataset-investigations-machine,5
doi=10.5064/F6KMEDVB,unique-dataset-requests-regular,5
doi=10.5064/F6KMEDVB,total-resolutions-regular,2
doi=10.5064/F6KMEDVB,unique-dataset-investigations-machine,2
doi=10.5064/F6KMEDVB,unique-resolutions-regular,2
doi=10.5064/F6KMEDVB,has-part,1
doi=10.5064/F6KMEDVB,is-part-of,1
doi=10.5064/F6BUAX58,has-part,71
doi=10.5064/F6BUAX58,is-part-of,71
doi=10.5064/F6BUAX58,total-dataset-investigations-regular,21
doi=10.5064/F6BUAX58,unique-dataset-investigations-regular,14
doi=10.5064/F6BUAX58,total-dataset-requests-regular,13
doi=10.5064/F6BUAX58,unique-dataset-requests-regular,9
doi=10.5064/F6BUAX58,total-dataset-investigations-machine,8
doi=10.5064/F6BUAX58,unique-dataset-investigations-machine,4
doi=10.5064/F6BUAX58,total-dataset-requests-machine,2
doi=10.5064/F6BUAX58,is-authored-by,1
doi=10.5064/F6CN723S,has-part,69
doi=10.5064/F6CN723S,is-part-of,69
doi=10.5064/F6CN723S,total-dataset-investigations-regular,22
doi=10.5064/F6CN723S,unique-dataset-investigations-regular,15
doi=10.5064/F6CN723S,total-dataset-requests-regular,12
doi=10.5064/F6CN723S,unique-dataset-requests-regular,9
doi=10.5064/F6CN723S,total-dataset-investigations-machine,7
doi=10.5064/F6CN723S,unique-dataset-investigations-machine,3
doi=10.5064/F6CN723S,total-resolutions-regular,2
doi=10.5064/F6CN723S,unique-resolutions-regular,2
doi=10.5064/F6TD9V7G,has-part,210
doi=10.5064/F6TD9V7G,is-part-of,210
doi=10.5064/F6TD9V7G,total-dataset-investigations-regular,22
doi=10.5064/F6TD9V7G,unique-dataset-investigations-regular,15
doi=10.5064/F6TD9V7G,total-dataset-requests-regular,10
doi=10.5064/F6TD9V7G,unique-dataset-requests-regular,8
doi=10.5064/F6TD9V7G,total-dataset-investigations-machine,6
doi=10.5064/F6TD9V7G,is-authored-by,2
doi=10.5064/F6TD9V7G,total-dataset-requests-machine,2
doi=10.5064/F6TD9V7G,total-resolutions-regular,2
doi=10.5064/F6AKTDBI,total-dataset-investigations-regular,22
doi=10.5064/F6AKTDBI,unique-dataset-investigations-regular,15
doi=10.5064/F6AKTDBI,total-dataset-requests-regular,8
doi=10.5064/F6AKTDBI,has-part,5
doi=10.5064/F6AKTDBI,is-part-of,5
doi=10.5064/F6AKTDBI,unique-dataset-requests-regular,5
doi=10.5064/F6AKTDBI,total-dataset-investigations-machine,4
doi=10.5064/F6AKTDBI,unique-dataset-investigations-machine,3
doi=10.5064/F6AKTDBI,is-authored-by,1
doi=10.5064/F6AKTDBI,is-supplement-to,1
doi=10.5064/F6UMRNAC,has-part,180
doi=10.5064/F6UMRNAC,is-part-of,180
doi=10.5064/F6UMRNAC,total-dataset-investigations-regular,22
doi=10.5064/F6UMRNAC,unique-dataset-investigations-regular,15
doi=10.5064/F6UMRNAC,total-dataset-requests-regular,13
doi=10.5064/F6UMRNAC,unique-dataset-requests-regular,9
doi=10.5064/F6UMRNAC,total-dataset-investigations-machine,6
doi=10.5064/F6UMRNAC,unique-dataset-investigations-machine,4
doi=10.5064/F6UMRNAC,total-resolutions-regular,2
doi=10.5064/F6UMRNAC,unique-resolutions-regular,2
doi=10.5064/F6Z60KZB,has-part,115
doi=10.5064/F6Z60KZB,is-part-of,37
doi=10.5064/F6Z60KZB,total-dataset-investigations-regular,21
doi=10.5064/F6Z60KZB,total-dataset-requests-regular,20
doi=10.5064/F6Z60KZB,unique-dataset-investigations-regular,14
doi=10.5064/F6Z60KZB,unique-dataset-requests-regular,13
doi=10.5064/F6Z60KZB,total-dataset-investigations-machine,6
doi=10.5064/F6Z60KZB,unique-dataset-investigations-machine,3
doi=10.5064/F6Z60KZB,is-supplement-to,2
doi=10.5064/F6Z60KZB,total-resolutions-machine,2
doi=10.5064/F6CE5MRF,total-dataset-investigations-regular,21
doi=10.5064/F6CE5MRF,has-part,19
doi=10.5064/F6CE5MRF,is-part-of,19
doi=10.5064/F6CE5MRF,total-dataset-requests-regular,18
doi=10.5064/F6CE5MRF,unique-dataset-investigations-regular,14
doi=10.5064/F6CE5MRF,unique-dataset-requests-regular,13
doi=10.5064/F6CE5MRF,total-dataset-investigations-machine,8
doi=10.5064/F6CE5MRF,unique-dataset-investigations-machine,5
doi=10.5064/F6CE5MRF,is-authored-by,1
doi=10.5064/F6CE5MRF,is-supplement-to,1
doi=10.5064/F62Z13FQ,has-part,50
doi=10.5064/F62Z13FQ,is-part-of,50
doi=10.5064/F62Z13FQ,total-dataset-investigations-regular,22
doi=10.5064/F62Z13FQ,unique-dataset-investigations-regular,15
doi=10.5064/F62Z13FQ,total-dataset-requests-regular,9
doi=10.5064/F62Z13FQ,total-dataset-investigations-machine,7
doi=10.5064/F62Z13FQ,unique-dataset-requests-regular,7
doi=10.5064/F62Z13FQ,unique-dataset-investigations-machine,3
doi=10.5064/F62Z13FQ,is-authored-by,2
doi=10.5064/F62Z13FQ,total-dataset-requests-machine,2
doi=10.5064/F6H12ZXF,total-dataset-investigations-regular,21
doi=10.5064/F6H12ZXF,unique-dataset-investigations-regular,14
doi=10.5064/F6H12ZXF,total-dataset-requests-regular,6
doi=10.5064/F6H12ZXF,total-dataset-investigations-machine,5
doi=10.5064/F6H12ZXF,unique-dataset-requests-regular,5
doi=10.5064/F6H12ZXF,unique-dataset-investigations-machine,2
doi=10.5064/F6H12ZXF,total-resolutions-regular,1
doi=10.5064/F6H12ZXF,unique-resolutions-regular,1
doi=10.5064/F6Z31WJ1,has-part,21
doi=10.5064/F6Z31WJ1,is-part-of,21
doi=10.5064/F6Z31WJ1,total-dataset-investigations-regular,20
doi=10.5064/F6Z31WJ1,unique-dataset-investigations-regular,14
doi=10.5064/F6Z31WJ1,total-dataset-requests-regular,13
doi=10.5064/F6Z31WJ1,unique-dataset-requests-regular,8
doi=10.5064/F6Z31WJ1,total-dataset-investigations-machine,4
doi=10.5064/F6Z31WJ1,total-resolutions-regular,2
doi=10.5064/F6Z31WJ1,unique-dataset-investigations-machine,2
doi=10.5064/F6Z31WJ1,unique-resolutions-regular,2
doi=10.5064/F60Z715Z,total-dataset-investigations-regular,21
doi=10.5064/F60Z715Z,total-dataset-requests-regular,15
doi=10.5064/F60Z715Z,unique-dataset-investigations-regular,14
doi=10.5064/F60Z715Z,unique-dataset-requests-regular,10
doi=10.5064/F60Z715Z,has-part,5
doi=10.5064/F60Z715Z,is-part-of,5
doi=10.5064/F60Z715Z,total-dataset-investigations-machine,5
doi=10.5064/F60Z715Z,unique-dataset-investigations-machine,3
doi=10.5064/F60Z715Z,total-resolutions-regular,2
doi=10.5064/F60Z715Z,unique-resolutions-regular,2
doi=10.5064/F6TB14TP,total-dataset-investigations-regular,22
doi=10.5064/F6TB14TP,unique-dataset-investigations-regular,15
doi=10.5064/F6TB14TP,total-dataset-investigations-machine,9
doi=10.5064/F6TB14TP,total-dataset-requests-regular,8
doi=10.5064/F6TB14TP,unique-dataset-requests-regular,7
doi=10.5064/F6TB14TP,has-part,6
doi=10.5064/F6TB14TP,is-part-of,6
doi=10.5064/F6TB14TP,unique-dataset-investigations-machine,5
doi=10.5064/F6TB14TP,total-dataset-requests-machine,3
doi=10.5064/F6TB14TP,total-resolutions-regular,2
doi=10.5064/F6ZP448B,has-part,56
doi=10.5064/F6ZP448B,is-part-of,56
doi=10.5064/F6ZP448B,total-dataset-investigations-regular,22
doi=10.5064/F6ZP448B,total-dataset-requests-regular,19
doi=10.5064/F6ZP448B,unique-dataset-investigations-regular,15
doi=10.5064/F6ZP448B,unique-dataset-requests-regular,14
doi=10.5064/F6ZP448B,is-supplement-to,9
doi=10.5064/F6ZP448B,total-dataset-investigations-machine,4
doi=10.5064/F6ZP448B,total-resolutions-regular,2
doi=10.5064/F6ZP448B,unique-dataset-investigations-machine,2
doi=10.5064/F6P55KNC,has-part,23
doi=10.5064/F6P55KNC,is-part-of,23
doi=10.5064/F6P55KNC,total-dataset-investigations-regular,21
doi=10.5064/F6P55KNC,unique-dataset-investigations-regular,14
doi=10.5064/F6P55KNC,total-dataset-investigations-machine,6
doi=10.5064/F6P55KNC,total-dataset-requests-regular,4
doi=10.5064/F6P55KNC,unique-dataset-investigations-machine,3
doi=10.5064/F6P55KNC,unique-dataset-requests-regular,3
doi=10.5064/F6P55KNC,is-authored-by,1
doi=10.5064/F6P55KNC,is-supplement-to,1
doi=10.5064/F6833Q5K,has-part,20
doi=10.5064/F6833Q5K,is-part-of,20
doi=10.5064/F6833Q5K,total-dataset-investigations-regular,20
doi=10.5064/F6833Q5K,unique-dataset-investigations-regular,13
doi=10.5064/F6833Q5K,total-dataset-requests-regular,8
doi=10.5064/F6833Q5K,unique-dataset-requests-regular,7
doi=10.5064/F6833Q5K,total-dataset-investigations-machine,5
doi=10.5064/F6833Q5K,unique-dataset-investigations-machine,4
doi=10.5064/F6833Q5K,is-authored-by,1
doi=10.5064/F6833Q5K,is-supplement-to,1
doi=10.5064/F67H1GGS,total-dataset-investigations-regular,22
doi=10.5064/F67H1GGS,total-dataset-requests-regular,19
doi=10.5064/F67H1GGS,unique-dataset-investigations-regular,15
doi=10.5064/F67H1GGS,unique-dataset-requests-regular,14
doi=10.5064/F67H1GGS,has-part,10
doi=10.5064/F67H1GGS,is-part-of,10
doi=10.5064/F67H1GGS,total-dataset-investigations-machine,5
doi=10.5064/F67H1GGS,unique-dataset-investigations-machine,2
doi=10.5064/F67H1GGS,is-authored-by,1
doi=10.5064/F67H1GGS,is-supplement-to,1
doi=10.5064/F6MS3QNV,has-part,51
doi=10.5064/F6MS3QNV,is-part-of,51
doi=10.5064/F6MS3QNV,total-dataset-investigations-regular,19
doi=10.5064/F6MS3QNV,unique-dataset-investigations-regular,13
doi=10.5064/F6MS3QNV,total-dataset-requests-regular,10
doi=10.5064/F6MS3QNV,unique-dataset-requests-regular,7
doi=10.5064/F6MS3QNV,total-dataset-investigations-machine,5
doi=10.5064/F6MS3QNV,is-supplement-to,4
doi=10.5064/F6MS3QNV,unique-dataset-investigations-machine,3
doi=10.5064/F6MS3QNV,total-resolutions-machine,2
doi=10.5064/F6JW8BSD,has-part,144
doi=10.5064/F6JW8BSD,is-part-of,144
doi=10.5064/F6JW8BSD,total-dataset-investigations-regular,22
doi=10.5064/F6JW8BSD,total-dataset-requests-regular,19
doi=10.5064/F6JW8BSD,unique-dataset-investigations-regular,15
doi=10.5064/F6JW8BSD,unique-dataset-requests-regular,13
doi=10.5064/F6JW8BSD,total-dataset-investigations-machine,5
doi=10.5064/F6JW8BSD,unique-dataset-investigations-machine,3
doi=10.5064/F6JW8BSD,total-resolutions-machine,2
doi=10.5064/F6JW8BSD,unique-resolutions-machine,2
doi=10.5064/F65Q4T1P,has-part,22
doi=10.5064/F65Q4T1P,is-part-of,22
doi=10.5064/F65Q4T1P,total-dataset-investigations-regular,19
doi=10.5064/F65Q4T1P,unique-dataset-investigations-regular,12
doi=10.5064/F65Q4T1P,total-dataset-requests-regular,9
doi=10.5064/F65Q4T1P,unique-dataset-requests-regular,7
doi=10.5064/F65Q4T1P,total-dataset-investigations-machine,5
doi=10.5064/F65Q4T1P,unique-dataset-investigations-machine,3
doi=10.5064/F65Q4T1P,total-resolutions-regular,2
doi=10.5064/F65Q4T1P,unique-resolutions-regular,2
doi=10.5064/F6C8276H,has-part,203
doi=10.5064/F6C8276H,is-part-of,203
doi=10.5064/F6C8276H,total-dataset-investigations-regular,20
doi=10.5064/F6C8276H,unique-dataset-investigations-regular,14
doi=10.5064/F6C8276H,total-dataset-requests-regular,8
doi=10.5064/F6C8276H,unique-dataset-requests-regular,7
doi=10.5064/F6C8276H,total-dataset-investigations-machine,5
doi=10.5064/F6C8276H,is-authored-by,2
doi=10.5064/F6C8276H,unique-dataset-investigations-machine,2
doi=10.5064/F6C8276H,is-supplement-to,1
doi=10.5064/F6D798BB,has-part,278
doi=10.5064/F6D798BB,is-part-of,278
doi=10.5064/F6D798BB,total-dataset-investigations-regular,16
doi=10.5064/F6D798BB,unique-dataset-investigations-regular,12
doi=10.5064/F6D798BB,total-dataset-investigations-machine,4
doi=10.5064/F6D798BB,total-resolutions-regular,2
doi=10.5064/F6D798BB,unique-dataset-investigations-machine,2
doi=10.5064/F6D798BB,unique-resolutions-regular,2
doi=10.5064/F6D798BB,total-dataset-requests-regular,1
doi=10.5064/F6D798BB,total-resolutions-machine,1
doi=10.5064/F6BG2KWC,has-part,21
doi=10.5064/F6BG2KWC,is-part-of,21
doi=10.5064/F6BG2KWC,total-dataset-investigations-regular,16
doi=10.5064/F6BG2KWC,unique-dataset-investigations-regular,10
doi=10.5064/F6BG2KWC,total-dataset-investigations-machine,5
doi=10.5064/F6BG2KWC,total-dataset-requests-regular,4
doi=10.5064/F6BG2KWC,total-resolutions-regular,2
doi=10.5064/F6BG2KWC,unique-dataset-investigations-machine,2
doi=10.5064/F6BG2KWC,unique-resolutions-regular,2
doi=10.5064/F6BG2KWC,is-supplement-to,1
doi=10.5064/F6MW2F2K,total-dataset-investigations-regular,22
doi=10.5064/F6MW2F2K,has-part,21
doi=10.5064/F6MW2F2K,is-part-of,21
doi=10.5064/F6MW2F2K,total-dataset-requests-regular,17
doi=10.5064/F6MW2F2K,unique-dataset-investigations-regular,15
doi=10.5064/F6MW2F2K,unique-dataset-requests-regular,11
doi=10.5064/F6MW2F2K,total-dataset-investigations-machine,7
doi=10.5064/F6MW2F2K,unique-dataset-investigations-machine,3
doi=10.5064/F6MW2F2K,total-resolutions-regular,2
doi=10.5064/F6MW2F2K,unique-resolutions-regular,2
doi=10.5064/F6RF5RZV,total-dataset-investigations-regular,19
doi=10.5064/F6RF5RZV,has-part,15
doi=10.5064/F6RF5RZV,is-part-of,15
doi=10.5064/F6RF5RZV,unique-dataset-investigations-regular,14
doi=10.5064/F6RF5RZV,total-dataset-investigations-machine,7
doi=10.5064/F6RF5RZV,total-dataset-requests-regular,6
doi=10.5064/F6RF5RZV,unique-dataset-requests-regular,6
doi=10.5064/F6RF5RZV,total-resolutions-regular,2
doi=10.5064/F6RF5RZV,unique-dataset-investigations-machine,2
doi=10.5064/F6RF5RZV,unique-resolutions-regular,2
doi=10.5064/F6W66HPK,has-part,19
doi=10.5064/F6W66HPK,is-part-of,19
doi=10.5064/F6W66HPK,total-dataset-investigations-regular,18
doi=10.5064/F6W66HPK,unique-dataset-investigations-regular,12
doi=10.5064/F6W66HPK,total-dataset-investigations-machine,7
doi=10.5064/F6W66HPK,total-dataset-requests-regular,4
doi=10.5064/F6W66HPK,unique-dataset-investigations-machine,4
doi=10.5064/F6W66HPK,is-supplement-to,1
doi=10.5064/F6W66HPK,total-resolutions-machine,1
doi=10.5064/F6W66HPK,total-resolutions-regular,1
doi=10.5064/F6QN64NH,total-dataset-investigations-regular,20
doi=10.5064/F6QN64NH,unique-dataset-investigations-regular,13
doi=10.5064/F6QN64NH,total-dataset-requests-regular,8
doi=10.5064/F6QN64NH,has-part,7
doi=10.5064/F6QN64NH,is-part-of,7
doi=10.5064/F6QN64NH,total-dataset-investigations-machine,6
doi=10.5064/F6QN64NH,unique-dataset-requests-regular,6
doi=10.5064/F6QN64NH,unique-dataset-investigations-machine,4
doi=10.5064/F6QN64NH,total-dataset-requests-machine,2
doi=10.5064/F6QN64NH,total-resolutions-machine,2
